mu/g,T/g,chiralcon
0.0,0.03333333333333333,0.6511133342675395
0.0,0.08581560283687943,0.6492598263650063
0.0,0.13829787234042554,0.6434244599688147
0.0,0.19078014184397163,0.6357150734456178
0.0,0.24326241134751772,0.6268034513865766
0.0,0.2957446808510638,0.6170407958438628
0.0,0.34822695035461,0.6069055975917588
0.0,0.4007092198581561,0.5968961958827327
0.0,0.45319148936170217,0.5874186932255862
0.0,0.5056737588652482,0.5787396086335086
0.0,0.5581560283687944,0.5709889484736281
0.0,0.6106382978723405,0.5641896629489863
0.0,0.6631205673758865,0.5582939856511933
0.0,0.7156028368794326,0.5532153778264239
0.0,0.7680851063829789,0.5488518905498491
0.0,0.820567375886525,0.5451010156680165
0.0,0.873049645390071,0.5418678723733209
0.0,0.9255319148936171,0.5390688644102848
0.0,0.9780141843971631,0.5366325834127121
0.0,1.0304964539007093,0.5344992183569437
0.0,1.0829787234042554,0.5326192758766345
0.0,1.1354609929078014,0.5309520821064542
0.0,1.1879432624113477,0.5294643166272411
0.0,1.2404255319148938,0.528128695082702
0.0,1.2929078014184399,0.5269228410317399
0.0,1.3453900709219857,0.5258283478056357
0.0,1.3978723404255318,0.5248300126219564
0.0,1.4503546099290778,0.5239152184790499
0.0,1.5028368794326241,0.5230734387152883
0.0,1.5553191489361702,0.5222958413021883
0.0,1.6078014184397162,0.5215749731736827
0.0,1.6602836879432623,0.5209045082679087
0.0,1.7127659574468084,0.520279046053805
0.0,1.7652482269503544,0.5196939499756297
0.0,1.8177304964539005,0.5191452174498864
0.0,1.8702127659574466,0.5186293748277324
0.0,1.9226950354609926,0.5181433921512522
0.0,1.9751773049645391,0.5176846136472997
0.0,2.027659574468085,0.5172507007762159
0.0,2.080141843971631,0.5168395853346553
0.0,2.132624113475177,0.5164494306432291
0.0,2.185106382978723,0.5160785992638233
0.0,2.2375886524822692,0.5157256260144764
0.0,2.2900709219858153,0.5153891953020812
0.0,2.342553191489362,0.5150681219908213
0.0,2.395035460992908,0.5147613351794782
0.0,2.447517730496454,0.5144678643830328
0.0,2.5,0.5141868277106746
0.02978723404255319,0.03333333333333333,0.6511163340354695
0.02978723404255319,0.08581560283687943,0.6497927659100513
0.02978723404255319,0.13829787234042554,0.6447138260374781
0.02978723404255319,0.19078014184397163,0.6372636484944755
0.02978723404255319,0.24326241134751772,0.6283041548066248
0.02978723404255319,0.2957446808510638,0.6183878938817281
0.02978723404255319,0.34822695035461,0.6080883548076372
0.02978723404255319,0.4007092198581561,0.5979367356422111
0.02978723404255319,0.45319148936170217,0.5883447559946974
0.02978723404255319,0.5056737588652482,0.5795751033685631
0.02978723404255319,0.5581560283687944,0.5717520924293588
0.02978723404255319,0.6106382978723405,0.564893733382427
0.02978723404255319,0.6631205673758865,0.5589486061700606
0.02978723404255319,0.7156028368794326,0.5538276389254375
0.02978723404255319,0.7680851063829789,0.5494271629730061
0.02978723404255319,0.820567375886525,0.5456434976476341
0.02978723404255319,0.873049645390071,0.5423809467018763
0.02978723404255319,0.9255319148936171,0.5395553301357197
0.02978723404255319,0.9780141843971631,0.5370948077308373
0.02978723404255319,1.0304964539007093,0.5349392382734219
0.02978723404255319,1.0829787234042554,0.5330388681428295
0.02978723404255319,1.1354609929078014,0.5313528128504854
0.02978723404255319,1.1879432624113477,0.5298475777271726
0.02978723404255319,1.2404255319148938,0.528495731665447
0.02978723404255319,1.2929078014184399,0.5272747728632672
0.02978723404255319,1.3453900709219857,0.5261661863499224
0.02978723404255319,1.3978723404255318,0.5251546749364236
0.02978723404255319,1.4503546099290778,0.52422753873275
0.02978723404255319,1.5028368794326241,0.5233741778733942
0.02978723404255319,1.5553191489361702,0.5225856953629031
0.02978723404255319,1.6078014184397162,0.5218545802393559
0.02978723404255319,1.6602836879432623,0.5211744546613888
0.02978723404255319,1.7127659574468084,0.5205398716418927
0.02978723404255319,1.7652482269503544,0.5199461528264798
0.02978723404255319,1.8177304964539005,0.5193892579256305
0.02978723404255319,1.8702127659574466,0.5188656791944882
0.02978723404255319,1.9226950354609926,0.5183723557740878
0.02978723404255319,1.9751773049645391,0.5179066038263344
0.02978723404255319,2.027659574468085,0.5174660592710218
0.02978723404255319,2.080141843971631,0.5170486306168565
0.02978723404255319,2.132624113475177,0.5166524599112632
0.02978723404255319,2.185106382978723,0.5162758902489485
0.02978723404255319,2.2375886524822692,0.5159174386030339
0.02978723404255319,2.2900709219858153,0.5155757729956137
0.02978723404255319,2.342553191489362,0.5152496932227688
0.02978723404255319,2.395035460992908,0.51493811450472
0.02978723404255319,2.447517730496454,0.5146400535544701
0.02978723404255319,2.5,0.5143546166552522
0.05957446808510638,0.03333333333333333,0.6511175615204352
0.05957446808510638,0.08581560283687943,0.6501734155326512
0.05957446808510638,0.13829787234042554,0.6457814341607638
0.05957446808510638,0.19078014184397163,0.6386309856498523
0.05957446808510638,0.24326241134751772,0.62967157320396
0.05957446808510638,0.2957446808510638,0.6196370570873441
0.05957446808510638,0.34822695035461,0.6091981575774906
0.05957446808510638,0.4007092198581561,0.5989224665010109
0.05957446808510638,0.45319148936170217,0.5892295081779391
0.05957446808510638,0.5056737588652482,0.5803794207604736
0.05957446808510638,0.5581560283687944,0.5724916654873731
0.05957446808510638,0.6106382978723405,0.565579923943415
0.05957446808510638,0.6631205673758865,0.5595895918860022
0.05957446808510638,0.7156028368794326,0.5544294276577877
0.05957446808510638,0.7680851063829789,0.549994321026165
0.05957446808510638,0.820567375886525,0.5461796287026597
0.05957446808510638,0.873049645390071,0.5428889952975909
0.05957446808510638,0.9255319148936171,0.5400377723369922
0.05957446808510638,0.9780141843971631,0.5375537722416688
0.05957446808510638,1.0304964539007093,0.5353765853483003
0.05957446808510638,1.0829787234042554,0.5334562428738896
0.05957446808510638,1.1354609929078014,0.5317516826886186
0.05957446808510638,1.1879432624113477,0.5302292600723074
0.05957446808510638,1.2404255319148938,0.5288614149986515
0.05957446808510638,1.2929078014184399,0.5276255335152302
0.05957446808510638,1.3453900709219857,0.5265030021954806
0.05957446808510638,1.3978723404255318,0.5254784368311979
0.05957446808510638,1.4503546099290778,0.5245390602257856
0.05957446808510638,1.5028368794326241,0.52367420355859
0.05957446808510638,1.5553191489361702,0.5228749081258568
0.05957446808510638,1.6078014184397162,0.5221336075885189
0.05957446808510638,1.6602836879432623,0.5214438742877316
0.05957446808510638,1.7127659574468084,0.5208002163207143
0.05957446808510638,1.7652482269503544,0.5201979147532263
0.05957446808510638,1.8177304964539005,0.5196328925615371
0.05957446808510638,1.8702127659574466,0.5191016086855655
0.05957446808510638,1.9226950354609926,0.5186009719972949
0.05957446808510638,1.9751773049645391,0.5181282711089763
0.05957446808510638,2.027659574468085,0.5176811168229755
0.05957446808510638,2.080141843971631,0.517257394709865
0.05957446808510638,2.132624113475177,0.5168552258350091
0.05957446808510638,2.185106382978723,0.5164729340697591
0.05957446808510638,2.2375886524822692,0.5161090187477766
0.05957446808510638,2.2900709219858153,0.5157621316804929
0.05957446808510638,2.342553191489362,0.5154310577442954
0.05957446808510638,2.395035460992908,0.5151146984080028
0.05957446808510638,2.447517730496454,0.5148120576921339
0.05957446808510638,2.5,0.5145222301487025
0.08936170212765955,0.03333333333333333,0.6511180637843879
0.08936170212765955,0.08581560283687943,0.6504443587624539
0.08936170212765955,0.13829787234042554,0.646659054126536
0.08936170212765955,0.19078014184397163,0.6398280253012079
0.08936170212765955,0.24326241134751772,0.6309069839788062
0.08936170212765955,0.2957446808510638,0.6207864267863399
0.08936170212765955,0.34822695035461,0.6102325805193003
0.08936170212765955,0.4007092198581561,0.5998512140559216
0.08936170212765955,0.45319148936170217,0.5900711920795902
0.08936170212765955,0.5056737588652482,0.5811511810803378
0.08936170212765955,0.5581560283687944,0.5732065848105087
0.08936170212765955,0.6106382978723405,0.5662473749981235
0.08936170212765955,0.6631205673758865,0.5602162500423608
0.08936170212765955,0.7156028368794326,0.5550201773713024
0.08936170212765955,0.7680851063829789,0.5505528949425432
0.08936170212765955,0.820567375886525,0.5467090148128181
0.08936170212765955,0.873049645390071,0.5433916843253466
0.08936170212765955,0.9255319148936171,0.5405159056848703
0.08936170212765955,0.9780141843971631,0.5380092311927179
0.08936170212765955,1.0304964539007093,0.5358110464655147
0.08936170212765955,1.0829787234042554,0.5338712141175919
0.08936170212765955,1.1354609929078014,0.5321485284632681
0.08936170212765955,1.1879432624113477,0.5306092197735643
0.08936170212765955,1.2404255319148938,0.5292256175889302
0.08936170212765955,1.2929078014184399,0.5279750095296584
0.08936170212765955,1.3453900709219857,0.5268386939658728
0.08936170212765955,1.3978723404255318,0.5258012073828054
0.08936170212765955,1.4503546099290778,0.5248497011216929
0.08936170212765955,1.5028368794326241,0.5239734418690909
0.08936170212765955,1.5553191489361702,0.5231634126466009
0.08936170212765955,1.6078014184397162,0.5224119944009725
0.08936170212765955,1.6602836879432623,0.5217127117375333
0.08936170212765955,1.7127659574468084,0.5210600294779588
0.08936170212765955,1.7652482269503544,0.5204491894105628
0.08936170212765955,1.8177304964539005,0.5198760788196384
0.08936170212765955,1.8702127659574466,0.5193371241702506
0.08936170212765955,1.9226950354609926,0.518829204747961
0.08936170212765955,1.9751773049645391,0.5183495821738606
0.08936170212765955,2.027659574468085,0.5178958425930065
0.08936170212765955,2.080141843971631,0.5174658490194624
0.08936170212765955,2.132624113475177,0.5170577018551001
0.08936170212765955,2.185106382978723,0.5166697060154976
0.08936170212765955,2.2375886524822692,0.5163003434209392
0.08936170212765955,2.2900709219858153,0.515948249864299
0.08936170212765955,2.342553191489362,0.5156121954663802
0.08936170212765955,2.395035460992908,0.5152910680855072
0.08936170212765955,2.447517730496454,0.5149838591712927
0.08936170212765955,2.5,0.5146896516499077
0.11914893617021276,0.03333333333333333,0.651118269298939
0.11914893617021276,0.08581560283687943,0.6506366700420622
0.11914893617021276,0.13829787234042554,0.6473753000594904
0.11914893617021276,0.19078014184397163,0.6408663780836401
0.11914893617021276,0.24326241134751772,0.6320126582984039
0.11914893617021276,0.2957446808510638,0.6218348525449027
0.11914893617021276,0.34822695035461,0.611189657224679
0.11914893617021276,0.4007092198581561,0.6007211016365518
0.11914893617021276,0.45319148936170217,0.5908682462257403
0.11914893617021276,0.5056737588652482,0.5818891356698972
0.11914893617021276,0.5581560283687944,0.5738958559951686
0.11914893617021276,0.6106382978723405,0.5668952870844439
0.11914893617021276,0.6631205673758865,0.5608279291634052
0.11914893617021276,0.7156028368794326,0.5555993499831255
0.11914893617021276,0.7680851063829789,0.5511024349148598
0.11914893617021276,0.820567375886525,0.5472312760442469
0.11914893617021276,0.873049645390071,0.5438886899986863
0.11914893617021276,0.9255319148936171,0.540989452098998
0.11914893617021276,0.9780141843971631,0.5384609441211333
0.11914893617021276,1.0304964539007093,0.5362424124143143
0.11914893617021276,1.0829787234042554,0.534283598839086
0.11914893617021276,1.1354609929078014,0.5325431892219067
0.11914893617021276,1.1879432624113477,0.530987314627969
0.11914893617021276,1.2404255319148938,0.5295882132469556
0.11914893617021276,1.2929078014184399,0.5283230884684238
0.11914893617021276,1.3453900709219857,0.5271731610908665
0.11914893617021276,1.3978723404255318,0.5261228963117396
0.11914893617021276,1.4503546099290778,0.525159380103524
0.11914893617021276,1.5028368794326241,0.5242718193262227
0.11914893617021276,1.5553191489361702,0.5234511423283973
0.11914893617021276,1.6078014184397162,0.5226896801447085
0.11914893617021276,1.6602836879432623,0.5219809118421709
0.11914893617021276,1.7127659574468084,0.5213192607040101
0.11914893617021276,1.7652482269503544,0.5206999306250253
0.11914893617021276,1.8177304964539005,0.5201187743086191
0.11914893617021276,1.8702127659574466,0.5195721866437609
0.11914893617021276,1.9226950354609926,0.5190570180619369
0.11914893617021276,1.9751773049645391,0.5185705037940639
0.11914893617021276,2.027659574468085,0.5181102058244627
0.11914893617021276,2.080141843971631,0.517673965023693
0.11914893617021276,2.132624113475177,0.5172598614758069
0.11914893617021276,2.185106382978723,0.5168661814316734
0.11914893617021276,2.2375886524822692,0.5164913896446998
0.11914893617021276,2.2900709219858153,0.516134106099101
0.11914893617021276,2.342553191489362,0.5157930863397625
0.11914893617021276,2.395035460992908,0.515467204769063
0.11914893617021276,2.447517730496454,0.5151554403992709
0.11914893617021276,2.5,0.5148568646466546
0.14893617021276595,0.03333333333333333,0.6511183533901477
0.14893617021276595,0.08581560283687943,0.6507727939601773
0.14893617021276595,0.13829787234042554,0.6479552357632511
0.14893617021276595,0.19078014184397163,0.641757713442079
0.14893617021276595,0.24326241134751772,0.6329915790979255
0.14893617021276595,0.2957446808510638,0.6227817919762549
0.14893617021276595,0.34822695035461,0.6120678515334482
0.14893617021276595,0.4007092198581561,0.6015305458123702
0.14893617021276595,0.45319148936170217,0.5916193077508834
0.14893617021276595,0.5056737588652482,0.5825921704999218
0.14893617021276595,0.5581560283687944,0.574558576211747
0.14893617021276595,0.6106382978723405,0.5675229233630352
0.14893617021276595,0.6631205673758865,0.5614240209016386
0.14893617021276595,0.7156028368794326,0.556166437366743
0.14893617021276595,0.7680851063829789,0.5516425121452178
0.14893617021276595,0.820567375886525,0.5477460473537612
0.14893617021276595,0.873049645390071,0.5443796992036675
0.14893617021276595,0.9255319148936171,0.5414581412375159
0.14893617021276595,0.9780141843971631,0.5389086762420775
0.14893617021276595,1.0304964539007093,0.5366704782002887
0.14893617021276595,1.0829787234042554,0.5346932171721355
0.14893617021276595,1.1354609929078014,0.5329355064216117
0.14893617021276595,1.1879432624113477,0.5313634042863921
0.14893617021276595,1.2404255319148938,0.5299490772259312
0.14893617021276595,1.2929078014184399,0.5286696590282681
0.14893617021276595,1.3453900709219857,0.5275063039025442
0.14893617021276595,1.3978723404255318,0.5264434140632065
0.14893617021276595,1.4503546099290778,0.5254680164420397
0.14893617021276595,1.5028368794326241,0.5245692629322919
0.14893617021276595,1.5553191489361702,0.5237380309715582
0.14893617021276595,1.6078014184397162,0.5229666046181615
0.14893617021276595,1.6602836879432623,0.5222484197101412
0.14893617021276595,1.7127659574468084,0.5215778598233207
0.14893617021276595,1.7652482269503544,0.5209500924221854
0.14893617021276595,1.8177304964539005,0.5203609368074692
0.14893617021276595,1.8702127659574466,0.5198067572478902
0.14893617021276595,1.9226950354609926,0.519284376101915
0.14893617021276595,1.9751773049645391,0.5187910028529863
0.14893617021276595,2.027659574468085,0.5183241758571052
0.14893617021276595,2.080141843971631,0.5178817142852314
0.14893617021276595,2.132624113475177,0.5174616782759945
0.14893617021276595,2.185106382978723,0.5170623357298026
0.14893617021276595,2.2375886524822692,0.5166821344998533
0.14893617021276595,2.2900709219858153,0.5163196789892011
0.14893617021276595,2.342553191489362,0.5159737103618763
0.14893617021276595,2.395035460992908,0.5156430897323663
0.14893617021276595,2.447517730496454,0.5153267838210377
0.14893617021276595,2.5,0.5150238526606701
0.1787234042553191,0.03333333333333333,0.651118387797812
0.1787234042553191,0.08581560283687943,0.6508688134909355
0.1787234042553191,0.13829787234042554,0.6484203041186464
0.1787234042553191,0.19078014184397163,0.6425132745142624
0.1787234042553191,0.24326241134751772,0.6338471786108855
0.1787234042553191,0.2957446808510638,0.6236272082925545
0.1787234042553191,0.34822695035461,0.6128660248027082
0.1787234042553191,0.4007092198581561,0.6022782490291234
0.1787234042553191,0.45319148936170217,0.5923232129634706
0.1787234042553191,0.5056737588652482,0.5832593085993272
0.1787234042553191,0.5581560283687944,0.575193936644886
0.1787234042553191,0.6106382978723405,0.5681296116315794
0.1787234042553191,0.6631205673758865,0.5620039616102359
0.1787234042553191,0.7156028368794326,0.5567209625642433
0.1787234042553191,0.7680851063829789,0.5521727197826175
0.1787234042553191,0.820567375886525,0.5482529793199981
0.1787234042553191,0.873049645390071,0.5448644100745446
0.1787234042553191,0.9255319148936171,0.5419217109545555
0.1787234042553191,0.9780141843971631,0.5393521988154104
0.1787234042553191,1.0304964539007093,0.5370950433415619
0.1787234042553191,1.0829787234042554,0.535099892660093
0.1787234042553191,1.1354609929078014,0.533325324126419
0.1787234042553191,1.1879432624113477,0.5317373504161824
0.1787234042553191,1.2404255319148938,0.5303080863564025
0.1787234042553191,1.2929078014184399,0.5290146111531732
0.1787234042553191,1.3453900709219857,0.5278380237294654
0.1787234042553191,1.3978723404255318,0.5267626718864276
0.1787234042553191,1.4503546099290778,0.5257755300628157
0.1787234042553191,1.5028368794326241,0.5248657002276372
0.1787234042553191,1.5553191489361702,0.5240240128221617
0.1787234042553191,1.6078014184397162,0.5232427079919814
0.1787234042553191,1.6602836879432623,0.5225151807630202
0.1787234042553191,1.7127659574468084,0.5218357769254897
0.1787234042553191,1.7652482269503544,0.5211996290536042
0.1787234042553191,1.8177304964539005,0.5206025242889486
0.1787234042553191,1.8702127659574466,0.5200407972915014
0.1787234042553191,1.9226950354609926,0.5195112431753854
0.1787234042553191,1.9751773049645391,0.5190110463601344
0.1787234042553191,2.027659574468085,0.5185377221410196
0.1787234042553191,2.080141843971631,0.5180890684636816
0.1787234042553191,2.132624113475177,0.5176631259200262
0.1787234042553191,2.185106382978723,0.5172581443970958
0.1787234042553191,2.2375886524822692,0.5168725551344456
0.1787234042553191,2.2900709219858153,0.5165049471988447
0.1787234042553191,2.342553191489362,0.5161540475837506
0.1787234042553191,2.395035460992908,0.5158187042971731
0.1787234042553191,2.447517730496454,0.5154978719247771
0.1787234042553191,2.5,0.5151905992526385
0.2085106382978723,0.03333333333333333,0.6511184018759179
0.2085106382978723,0.08581560283687943,0.650936171392366
0.2085106382978723,0.13829787234042554,0.6487884559775202
0.2085106382978723,0.19078014184397163,0.6431435086108845
0.2085106382978723,0.24326241134751772,0.6345831025329438
0.2085106382978723,0.2957446808510638,0.6243714699639316
0.2085106382978723,0.34822695035461,0.6135834009630565
0.2085106382978723,0.4007092198581561,0.6029631900200358
0.2085106382978723,0.45319148936170217,0.592978996303958
0.2085106382978723,0.5056737588652482,0.583889711418629
0.2085106382978723,0.5581560283687944,0.5758012242483187
0.2085106382978723,0.6106382978723405,0.568714745902452
0.2085106382978723,0.6631205673758865,0.562567233637311
0.2085106382978723,0.7156028368794326,0.5572624808203028
0.2085106382978723,0.7680851063829789,0.5526926737451684
0.2085106382978723,0.820567375886525,0.5487517387991716
0.2085106382978723,0.873049645390071,0.5453425325195687
0.2085106382978723,0.9255319148936171,0.5423799077243104
0.2085106382978723,0.9780141843971631,0.5397912894896905
0.2085106382978723,1.0304964539007093,0.5375159121494035
0.2085106382978723,1.0829787234042554,0.5355034524860249
0.2085106382978723,1.1354609929078014,0.5337124891970317
0.2085106382978723,1.1879432624113477,0.5321090168583513
0.2085106382978723,1.2404255319148938,0.5306651191771332
0.2085106382978723,1.2929078014184399,0.5293578361438599
0.2085106382978723,1.3453900709219857,0.528168222988707
0.2085106382978723,1.3978723404255318,0.5270805819123563
0.2085106382978723,1.4503546099290778,0.5260818416121579
0.2085106382978723,1.5028368794326241,0.5251610593467694
0.2085106382978723,1.5553191489361702,0.5243090226200652
0.2085106382978723,1.6078014184397162,0.5235179308502581
0.2085106382978723,1.6602836879432623,0.5227811407709985
0.2085106382978723,1.7127659574468084,0.5220929623960044
0.2085106382978723,1.7652482269503544,0.5214484950235239
0.2085106382978723,1.8177304964539005,0.5208434949428361
0.2085106382978723,1.8702127659574466,0.520274268270847
0.2085106382978723,1.9226950354609926,0.5197375837524537
0.2085106382978723,1.9751773049645391,0.5192306014667871
0.2085106382978723,2.027659574468085,0.5187508142504352
0.2085106382978723,2.080141843971631,0.5182959993277959
0.2085106382978723,2.132624113475177,0.5178641781685985
0.2085106382978723,2.185106382978723,0.5174535830060936
0.2085106382978723,2.2375886524822692,0.517062628772359
0.2085106382978723,2.2900709219858153,0.5166898894598932
0.2085106382978723,2.342553191489362,0.5163340781168807
0.2085106382978723,2.395035460992908,0.5159940298394645
0.2085106382978723,2.447517730496454,0.5156686872474312
0.2085106382978723,2.5,0.5153570880271996
0.23829787234042552,0.03333333333333333,0.6511184076348527
0.23829787234042552,0.08581560283687943,0.6509829433513947
0.23829787234042552,0.13829787234042554,0.6490743851668827
0.23829787234042552,0.19078014184397163,0.6436577972945123
0.23829787234042552,0.24326241134751772,0.6352030050638522
0.23829787234042552,0.2957446808510638,0.6250152561608121
0.23829787234042552,0.34822695035461,0.6142195310399291
0.23829787234042552,0.4007092198581561,0.6035846126349921
0.23829787234042552,0.45319148936170217,0.5935858879218706
0.23829787234042552,0.5056737588652482,0.584482679202196
0.23829787234042552,0.5581560283687944,0.5763798228362552
0.23829787234042552,0.6106382978723405,0.569277787548469
0.23829787234042552,0.6631205673758865,0.5631133663413898
0.23829787234042552,0.7156028368794326,0.5577905804359642
0.23829787234042552,0.7680851063829789,0.5532020134250194
0.23829787234042552,0.820567375886525,0.549242009503734
0.23829787234042552,0.873049645390071,0.5458137886955258
0.23829787234042552,0.9255319148936171,0.5428324870305942
0.23829787234042552,0.9780141843971631,0.5402257326226508
0.23829787234042552,1.0304964539007093,0.5379328939925864
0.23829787234042552,1.0829787234042554,0.5359037276914792
0.23829787234042552,1.1354609929078014,0.5340968514724872
0.23829787234042552,1.1879432624113477,0.5324782697789917
0.23829787234042552,1.2404255319148938,0.531020056061803
0.23829787234042552,1.2929078014184399,0.5296992267642182
0.23829787234042552,1.3453900709219857,0.5284968052756261
0.23829787234042552,1.3978723404255318,0.5273970572296884
0.23829787234042552,1.4503546099290778,0.5263868725217202
0.23829787234042552,1.5028368794326241,0.5254552690735224
0.23829787234042552,1.5553191489361702,0.5245929956461524
0.23829787234042552,1.6078014184397162,0.5237922142311544
0.23829787234042552,1.6602836879432623,0.5230462458879463
0.23829787234042552,1.7127659574468084,0.5223493669466094
0.23829787234042552,1.7652482269503544,0.521696645115257
0.23829787234042552,1.8177304964539005,0.5210838071989405
0.23829787234042552,1.8702127659574466,0.5205071318896948
0.23829787234042552,1.9226950354609926,0.5199633624834943
0.23829787234042552,1.9751773049645391,0.5194496354815328
0.23829787234042552,2.027659574468085,0.518963421897432
0.23829787234042552,2.080141843971631,0.5185024787676061
0.23829787234042552,2.132624113475177,0.5180648088895047
0.23829787234042552,2.185106382978723,0.5176486272242363
0.23829787234042552,2.2375886524822692,0.5172523327218471
0.23829787234042552,2.2900709219858153,0.5168744845794493
0.23829787234042552,2.342553191489362,0.5165137821400582
0.23829787234042552,2.395035460992908,0.5161690477955792
0.23829787234042552,2.447517730496454,0.5158392123802182
0.23829787234042552,2.5,0.5155233026379202
0.2680851063829787,0.03333333333333333,0.6511184099877136
0.2680851063829787,0.08581560283687943,0.651014760577124
0.2680851063829787,0.13829787234042554,0.6492898037768519
0.2680851063829787,0.19078014184397163,0.6440642681721083
0.2680851063829787,0.24326241134751772,0.63571037679918
0.2680851063829787,0.2957446808510638,0.6255594709474264
0.2680851063829787,0.34822695035461,0.6147742586517554
0.2680851063829787,0.4007092198581561,0.6041420137034469
0.2680851063829787,0.45319148936170217,0.5941433101015593
0.2680851063829787,0.5056737588652482,0.585037650451177
0.2680851063829787,0.5581560283687944,0.5769292135392259
0.2680851063829787,0.6106382978723405,0.5698182660253515
0.2680851063829787,0.6631205673758865,0.5636419368299848
0.2680851063829787,0.7156028368794326,0.5583048834418401
0.2680851063829787,0.7680851063829789,0.5537004022749686
0.2680851063829787,0.820567375886525,0.5497234925028314
0.2680851063829787,0.873049645390071,0.5462779134299971
0.2680851063829787,0.9255319148936171,0.5432792137210388
0.2680851063829787,0.9780141843971631,0.5406553195774427
0.2680851063829787,1.0304964539007093,0.5383458035449348
0.2680851063829787,1.0829787234042554,0.5363005533834302
0.2680851063829787,1.1354609929078014,0.534478263943409
0.2680851063829787,1.1879432624113477,0.5328449778146354
0.2680851063829787,1.2404255319148938,0.5313727793412848
0.2680851063829787,1.2929078014184399,0.5300386773444775
0.2680851063829787,1.3453900709219857,0.5288236754511972
0.2680851063829787,1.3978723404255318,0.5277120119590439
0.2680851063829787,1.4503546099290778,0.5266905450717325
0.2680851063829787,1.5028368794326241,0.525748258895132
0.2680851063829787,1.5553191489361702,0.5248758677687545
0.2680851063829787,1.6078014184397162,0.5240654996668823
0.2680851063829787,1.6602836879432623,0.5233104426859662
0.2680851063829787,1.7127659574468084,0.5226049416452669
0.2680851063829787,1.7652482269503544,0.5219440344172529
0.2680851063829787,1.8177304964539005,0.5213234197498459
0.2680851063829787,1.8702127659574466,0.5207393500792387
0.2680851063829787,1.9226950354609926,0.5201885442166332
0.2680851063829787,1.9751773049645391,0.5196681158856596
0.2680851063829787,2.027659574468085,0.5191755149455324
0.2680851063829787,2.080141843971631,0.5187084788064545
0.2680851063829787,2.132624113475177,0.5182649920683109
0.2680851063829787,2.185106382978723,0.517843252823367
0.2680851063829787,2.2375886524822692,0.5174416443840093
0.2680851063829787,2.2900709219858153,0.5170587114474349
0.2680851063829787,2.342553191489362,0.5166931399061608
0.2680851063829787,2.395035460992908,0.5163437396683088
0.2680851063829787,2.447517730496454,0.5160094299741159
0.2680851063829787,2.5,0.5156892267922397
0.2978723404255319,0.03333333333333333,0.6511184109417903
0.2978723404255319,0.08581560283687943,0.6510354648741673
0.2978723404255319,0.13829787234042554,0.6494437137971629
0.2978723404255319,0.19078014184397163,0.6443696709959036
0.2978723404255319,0.24326241134751772,0.6361084057921731
0.2978723404255319,0.2957446808510638,0.6260051685121513
0.2978723404255319,0.34822695035461,0.6152476877932712
0.2978723404255319,0.4007092198581561,0.6046351304977611
0.2978723404255319,0.45319148936170217,0.5946508727603824
0.2978723404255319,0.5056737588652482,0.585554200562829
0.2978723404255319,0.5581560283687944,0.5774489746569786
0.2978723404255319,0.6106382978723405,0.5703357791830844
0.2978723404255319,0.6631205673758865,0.5641525704255014
0.2978723404255319,0.7156028368794326,0.5588050460918366
0.2978723404255319,0.7680851063829789,0.5541875282766545
0.2978723404255319,0.820567375886525,0.5501959066439976
0.2978723404255319,0.873049645390071,0.5467346545906971
0.2978723404255319,0.9255319148936171,0.5437198623252927
0.2978723404255319,0.9780141843971631,0.5410798489940855
0.2978723404255319,1.0304964539007093,0.5387544610155771
0.2978723404255319,1.0829787234042554,0.5366937689290102
0.2978723404255319,1.1354609929078014,0.5348565829165259
0.2978723404255319,1.1879432624113477,0.5332090122112856
0.2978723404255319,1.2404255319148938,0.5317231734212886
0.2978723404255319,1.2929078014184399,0.5303760838809498
0.2978723404255319,1.3453900709219857,0.5291487397267739
0.2978723404255319,1.3978723404255318,0.5280253613252005
0.2978723404255319,1.4503546099290778,0.5269927824527392
0.2978723404255319,1.5028368794326241,0.5260399590551689
0.2978723404255319,1.5553191489361702,0.5251575754891716
0.2978723404255319,1.6078014184397162,0.524337729222985
0.2978723404255319,1.6602836879432623,0.5235736781893885
0.2978723404255319,1.7127659574468084,0.522859637945675
0.2978723404255319,1.7652482269503544,0.5221906183488032
0.2978723404255319,1.8177304964539005,0.5215622915733689
0.2978723404255319,1.8702127659574466,0.5209708850177738
0.2978723404255319,1.9226950354609926,0.5204130940150369
0.2978723404255319,1.9751773049645391,0.5198860103483901
0.2978723404255319,2.027659574468085,0.5193870634231568
0.2978723404255319,2.080141843971631,0.5189139716129135
0.2978723404255319,2.132624113475177,0.5184647018189431
0.2978723404255319,2.185106382978723,0.5180374356891547
0.2978723404255319,2.2375886524822692,0.5176305412611992
0.2978723404255319,2.2900709219858153,0.5172425490441093
0.2978723404255319,2.342553191489362,0.5168721317488921
0.2978723404255319,2.395035460992908,0.516518087032953
0.2978723404255319,2.447517730496454,0.5161793227453121
0.2978723404255319,2.5,0.5158548442563865
0.3276595744680851,0.03333333333333333,0.6511184113110303
0.3276595744680851,0.08581560283687943,0.6510475610905566
0.3276595744680851,0.13829787234042554,0.6495426473230679
0.3276595744680851,0.19078014184397163,0.6445793026442569
0.3276595744680851,0.24326241134751772,0.6363998710413155
0.3276595744680851,0.2957446808510638,0.6263534910960458
0.3276595744680851,0.34822695035461,0.6156401539852077
0.3276595744680851,0.4007092198581561,0.6050639282968494
0.3276595744680851,0.45319148936170217,0.5951083682290529
0.3276595744680851,0.5056737588652482,0.5860320397326652
0.3276595744680851,0.5581560283687944,0.5779387809444229
0.3276595744680851,0.6106382978723405,0.5708299931813947
0.3276595744680851,0.6631205673758865,0.5646449408648472
0.3276595744680851,0.7156028368794326,0.5592907591799006
0.3276595744680851,0.7680851063829789,0.554663104291075
0.3276595744680851,0.820567375886525,0.5506589888961048
0.3276595744680851,0.873049645390071,0.5471837734015721
0.3276595744680851,0.9255319148936171,0.5441542173368036
0.3276595744680851,0.9780141843971631,0.5414991270357078
0.3276595744680851,1.0304964539007093,0.539158692361517
0.3276595744680851,1.0829787234042554,0.5370832181376846
0.3276595744680851,1.1354609929078014,0.5352316681701629
0.3276595744680851,1.1879432624113477,0.5335702469568876
0.3276595744680851,1.2404255319148938,0.5320711248951774
0.3276595744680851,1.2929078014184399,0.5307113441321735
0.3276595744680851,1.3453900709219857,0.529471905746153
0.3276595744680851,1.3978723404255318,0.5283370217272754
0.3276595744680851,1.4503546099290778,0.5272935088257631
0.3276595744680851,1.5028368794326241,0.5263303006052493
0.3276595744680851,1.5553191489361702,0.5254380559862456
0.3276595744680851,1.6078014184397162,0.5246088455368606
0.3276595744680851,1.6602836879432623,0.5238358999081727
0.3276595744680851,1.7127659574468084,0.5231134077163077
0.3276595744680851,1.7652482269503544,0.5224363526853659
0.3276595744680851,1.8177304964539005,0.5218003819547037
0.3276595744680851,1.8702127659574466,0.5212016991501179
0.3276595744680851,1.9226950354609926,0.5206369771739889
0.3276595744680851,1.9751773049645391,0.5201032867419386
0.3276595744680851,2.027659574468085,0.5195980375369394
0.3276595744680851,2.080141843971631,0.5191189295125878
0.3276595744680851,2.132624113475177,0.5186639123941721
0.3276595744680851,2.185106382978723,0.5182311518304324
0.3276595744680851,2.2375886524822692,0.5178190009653613
0.3276595744680851,2.2900709219858153,0.5174259764475307
0.3276595744680851,2.342553191489362,0.51705073808947
0.3276595744680851,2.395035460992908,0.5166920715433294
0.3276595744680851,2.447517730496454,0.5163488734806179
0.3276595744680851,2.5,0.5160201388602583
0.3574468085106382,0.03333333333333333,0.6511184114104404
0.3574468085106382,0.08581560283687943,0.6510525145521618
0.3574468085106382,0.13829787234042554,0.6495908588244842
0.3574468085106382,0.19078014184397163,0.6446969683726779
0.3574468085106382,0.24326241134751772,0.6365870671000806
0.3574468085106382,0.2957446808510638,0.6266056207304569
0.3574468085106382,0.34822695035461,0.6159521996314123
0.3574468085106382,0.4007092198581561,0.605428588469519
0.3574468085106382,0.45319148936170217,0.5955157655031005
0.3574468085106382,0.5056737588652482,0.5864710102035827
0.3574468085106382,0.5581560283687944,0.5783984023688479
0.3574468085106382,0.6106382978723405,0.5713006420270532
0.3574468085106382,0.6631205673758865,0.56511877024103
0.3574468085106382,0.7156028368794326,0.5597617481835838
0.3574468085106382,0.7680851063829789,0.5551268682930703
0.3574468085106382,0.820567375886525,0.5511124946141064
0.3574468085106382,0.873049645390071,0.5476250447056966
0.3574468085106382,0.9255319148936171,0.5445820734580082
0.3574468085106382,0.9780141843971631,0.5419129676092952
0.3574468085106382,1.0304964539007093,0.5395583294822396
0.3574468085106382,1.0829787234042554,0.5374687494306064
0.3574468085106382,1.1354609929078014,0.5356033831004718
0.3574468085106382,1.1879432624113477,0.5339285589070241
0.3574468085106382,1.2404255319148938,0.532416522651776
0.3574468085106382,1.2929078014184399,0.5310443577113172
0.3574468085106382,1.3453900709219857,0.5297930826648078
0.3574468085106382,1.3978723404255318,0.5286469108067495
0.3574468085106382,1.4503546099290778,0.5275926493808094
0.3574468085106382,1.5028368794326241,0.5266192154554573
0.3574468085106382,1.5553191489361702,0.5257172471599179
0.3574468085106382,1.6078014184397162,0.5248787918554914
0.3574468085106382,1.6602836879432623,0.5240970558706683
0.3574468085106382,1.7127659574468084,0.5233662032689418
0.3574468085106382,1.7652482269503544,0.5226811935834749
0.3574468085106382,1.8177304964539005,0.5220376505082308
0.3574468085106382,1.8702127659574466,0.5214317552067567
0.3574468085106382,1.9226950354609926,0.5208601592377425
0.3574468085106382,1.9751773049645391,0.5203199131563833
0.3574468085106382,2.027659574468085,0.5198084076848846
0.3574468085106382,2.080141843971631,0.5193233249997818
0.3574468085106382,2.132624113475177,0.5188625981959887
0.3574468085106382,2.185106382978723,0.5184243773884443
0.3574468085106382,2.2375886524822692,0.5180070012262905
0.3574468085106382,2.2900709219858153,0.5176089728409475
0.3574468085106382,2.342553191489362,0.5172289394432595
0.3574468085106382,2.395035460992908,0.516865674937735
0.3574468085106382,2.447517730496454,0.5165180650428342
0.3574468085106382,2.5,0.5161850945022695
0.38723404255319144,0.03333333333333333,0.6511184113248318
0.38723404255319144,0.08581560283687943,0.6510509260109657
0.38723404255319144,0.13829787234042554,0.6495904605168016
0.38723404255319144,0.19078014184397163,0.6447249699413137
0.38723404255319144,0.24326241134751772,0.636671758347806
0.38723404255319144,0.2957446808510638,0.626762745420227
0.38723404255319144,0.34822695035461,0.6161845541800196
0.38723404255319144,0.4007092198581561,0.6057294974068002
0.38723404255319144,0.45319148936170217,0.5958732041282363
0.38723404255319144,0.5056737588652482,0.5868710829414387
0.38723404255319144,0.5581560283687944,0.5788277023777383
0.38723404255319144,0.6106382978723405,0.5717475267528015
0.38723404255319144,0.6631205673758865,0.5655738286967523
0.38723404255319144,0.7156028368794326,0.5602177732394201
0.38723404255319144,0.7680851063829789,0.5555785834921534
0.38723404255319144,0.820567375886525,0.5515561977266308
0.38723404255319144,0.873049645390071,0.5480582571753344
0.38723404255319144,0.9255319148936171,0.5450032358089332
0.38723404255319144,0.9780141843971631,0.5423211925608171
0.38723404255319144,1.0304964539007093,0.5399532103961413
0.38723404255319144,1.0829787234042554,0.5378502159969254
0.38723404255319144,1.1354609929078014,0.5359715948581862
0.38723404255319144,1.1879432624113477,0.5342838279036558
0.38723404255319144,1.2404255319148938,0.5327592579780083
0.38723404255319144,1.2929078014184399,0.5313750261747064
0.38723404255319144,1.3453900709219857,0.530112181226182
0.38723404255319144,1.3978723404255318,0.5289549475132419
0.38723404255319144,1.4503546099290778,0.5278901303936278
0.38723404255319144,1.5028368794326241,0.5269066364234078
0.38723404255319144,1.5553191489361702,0.5259950876737222
0.38723404255319144,1.6078014184397162,0.5251475120723234
0.38723404255319144,1.6602836879432623,0.5243570946557043
0.38723404255319144,1.7127659574468084,0.5236179773866454
0.38723404255319144,1.7652482269503544,0.52292509760521
0.38723404255319144,1.8177304964539005,0.5222740571989692
0.38723404255319144,1.8702127659574466,0.5216610162226961
0.38723404255319144,1.9226950354609926,0.5210826060161331
0.38723404255319144,1.9751773049645391,0.5205358579143397
0.38723404255319144,2.027659574468085,0.5200181444693582
0.38723404255319144,2.080141843971631,0.5195271307490329
0.38723404255319144,2.132624113475177,0.5190607337858628
0.38723404255319144,2.185106382978723,0.5186170886459913
0.38723404255319144,2.2375886524822692,0.5181945198998053
0.38723404255319144,2.2900709219858153,0.5177915175201198
0.38723404255319144,2.342553191489362,0.517406716426342
0.38723404255319144,2.395035460992908,0.517038879044855
0.38723404255319144,2.447517730496454,0.5166868803760777
0.38723404255319144,2.5,0.5163496951541569
0.4170212765957446,0.03333333333333333,0.6511184109811675
0.4170212765957446,0.08581560283687943,0.6510426037175244
0.4170212765957446,0.13829787234042554,0.649541496843215
0.4170212765957446,0.19078014184397163,0.644664114571168
0.4170212765957446,0.24326241134751772,0.6366551615910617
0.4170212765957446,0.2957446808510638,0.6268260400025927
0.4170212765957446,0.34822695035461,0.6163381194426621
0.4170212765957446,0.4007092198581561,0.6059672365365313
0.4170212765957446,0.45319148936170217,0.5961809878523809
0.4170212765957446,0.5056737588652482,0.5872323538098517
0.4170212765957446,0.5581560283687944,0.5792266357167346
0.4170212765957446,0.6106382978723405,0.5721705142592535
0.4170212765957446,0.6631205673758865,0.5660099338814648
0.4170212765957446,0.7156028368794326,0.5606586289561964
0.4170212765957446,0.7680851063829789,0.5560180383428391
0.4170212765957446,0.820567375886525,0.5519898908479677
0.4170212765957446,0.873049645390071,0.5484832134698437
0.4170212765957446,0.9255319148936171,0.5454175200994447
0.4170212765957446,0.9780141843971631,0.5427236318447153
0.4170212765957446,1.0304964539007093,0.5403431793986782
0.4170212765957446,1.0829787234042554,0.5382274759369016
0.4170212765957446,1.1354609929078014,0.5363361744757472
0.4170212765957446,1.1879432624113477,0.5346359368867505
0.4170212765957446,1.2404255319148938,0.5330992246562362
0.4170212765957446,1.2929078014184399,0.5317032531063475
0.4170212765957446,1.3453900709219857,0.5304291138349398
0.4170212765957446,1.3978723404255318,0.5292610521679412
0.4170212765957446,1.4503546099290778,0.5281858792806593
0.4170212765957446,1.5028368794326241,0.5271924972818921
0.4170212765957446,1.5553191489361702,0.5262715169961596
0.4170212765957446,1.6078014184397162,0.5254149507632628
0.4170212765957446,1.6602836879432623,0.5246159654239648
0.4170212765957446,1.7127659574468084,0.5238686833511907
0.4170212765957446,1.7652482269503544,0.523168021742203
0.4170212765957446,1.8177304964539005,0.5225095623636468
0.4170212765957446,1.8702127659574466,0.5218894455560036
0.4170212765957446,1.9226950354609926,0.5213042836009285
0.4170212765957446,1.9751773049645391,0.5207510895854166
0.4170212765957446,2.027659574468085,0.5202272187099009
0.4170212765957446,2.080141843971631,0.519730319626491
0.4170212765957446,2.132624113475177,0.5192582938948745
0.4170212765957446,2.185106382978723,0.5188092620364734
0.4170212765957446,2.2375886524822692,0.5183815349758323
0.4170212765957446,2.2900709219858153,0.5179735899005624
0.4170212765957446,2.342553191489362,0.5175840497620198
0.4170212765957446,2.395035460992908,0.5172116657896145
0.4170212765957446,2.447517730496454,0.5168553025110565
0.4170212765957446,2.5,0.5165139248657448
0.4468085106382978,0.03333333333333333,0.6511184100862614
0.4468085106382978,0.08581560283687943,0.6510265408715635
0.4468085106382978,0.13829787234042554,0.6494419575239427
0.4468085106382978,0.19078014184397163,0.6445137420169018
0.4468085106382978,0.24326241134751772,0.6365379559696479
0.4468085106382978,0.2957446808510638,0.6267966615575078
0.4468085106382978,0.34822695035461,0.616413960189257
0.4468085106382978,0.4007092198581561,0.6061425735553121
0.4468085106382978,0.45319148936170217,0.5964395781447216
0.4468085106382978,0.5056737588652482,0.5875550393088709
0.4468085106382978,0.5581560283687944,0.5795952458365816
0.4468085106382978,0.6106382978723405,0.5725695358422991
0.4468085106382978,0.6631205673758865,0.5664269501846183
0.4468085106382978,0.7156028368794326,0.5610841440731696
0.4468085106382978,0.7680851063829789,0.5564450464482782
0.4468085106382978,0.820567375886525,0.55241338531644
0.4468085106382978,0.873049645390071,0.5488997303424012
0.4468085106382978,0.9255319148936171,0.5458247527655622
0.4468085106382978,0.9780141843971631,0.5431201236678938
0.4468085106382978,1.0304964539007093,0.5407280872022086
0.4468085106382978,1.0829787234042554,0.5386003923917333
0.4468085106382978,1.1354609929078014,0.5366969969846753
0.4468085106382978,1.1879432624113477,0.5349847719986754
0.4468085106382978,1.2404255319148938,0.5334363190561687
0.4468085106382978,1.2929078014184399,0.5320289441983456
0.4468085106382978,1.3453900709219857,0.5307437946270742
0.4468085106382978,1.3978723404255318,0.529565146524617
0.4468085106382978,1.4503546099290778,0.5284798246521023
0.4468085106382978,1.5028368794326241,0.5274767328050445
0.4468085106382978,1.5553191489361702,0.5265464754409015
0.4468085106382978,1.6078014184397162,0.5256810532217348
0.4468085106382978,1.6602836879432623,0.5248736179486196
0.4468085106382978,1.7127659574468084,0.5241182749698619
0.4468085106382978,1.7652482269503544,0.523409923439153
0.4468085106382978,1.8177304964539005,0.5227441267313719
0.4468085106382978,1.8702127659574466,0.5221170069060196
0.4468085106382978,1.9226950354609926,0.5215251583819124
0.4468085106382978,1.9751773049645391,0.5209655770004503
0.4468085106382978,2.027659574468085,0.5204356014558519
0.4468085106382978,2.080141843971631,0.5199328647011412
0.4468085106382978,2.132624113475177,0.5194552534337135
0.4468085106382978,2.185106382978723,0.5190008741528161
0.4468085106382978,2.2375886524822692,0.5185680245863944
0.4468085106382978,2.2900709219858153,0.5181551695247086
0.4468085106382978,2.342553191489362,0.5177609202872511
0.4468085106382978,2.395035460992908,0.5173840171989714
0.4468085106382978,2.447517730496454,0.5170233145702929
0.4468085106382978,2.5,0.5166777677696645
0.47659574468085103,0.03333333333333333,0.6511184078766419
0.47659574468085103,0.08581560283687943,0.6510007960973353
0.47659574468085103,0.13829787234042554,0.6492877314853808
0.47659574468085103,0.19078014184397163,0.6442717703060781
0.47659574468085103,0.24326241134751772,0.6363203195101691
0.47659574468085103,0.2957446808510638,0.6266757589231194
0.47659574468085103,0.34822695035461,0.6164132999085938
0.47659574468085103,0.4007092198581561,0.6062564549157582
0.47659574468085103,0.45319148936170217,0.5966495876489852
0.47659574468085103,0.5056737588652482,0.5878394719331075
0.47659574468085103,0.5581560283687944,0.5799336619267215
0.47659574468085103,0.6106382978723405,0.5729445854293137
0.47659574468085103,0.6631205673758865,0.5668247877588833
0.47659574468085103,0.7156028368794326,0.5614941809711352
0.47659574468085103,0.7680851063829789,0.5568594463616259
0.47659574468085103,0.820567375886525,0.5528265111615598
0.47659574468085103,0.873049645390071,0.5493076386968051
0.47659574468085103,0.9255319148936171,0.5462247710704554
0.47659574468085103,0.9780141843971631,0.5435105146084565
0.47659574468085103,1.0304964539007093,0.5411077910575884
0.47659574468085103,1.0829787234042554,0.5389688336600555
0.47659574468085103,1.1354609929078014,0.5370539415231019
0.47659574468085103,1.1879432624113477,0.5353302226812537
0.47659574468085103,1.2404255319148938,0.5337704402212464
0.47659574468085103,1.2929078014184399,0.5323520073271228
0.47659574468085103,1.3453900709219857,0.5310561395367919
0.47659574468085103,1.3978723404255318,0.5298671538281353
0.47659574468085103,1.4503546099290778,0.5287718963630268
0.47659574468085103,1.5028368794326241,0.527759278812977
0.47659574468085103,1.5553191489361702,0.5268199042057793
0.47659574468085103,1.6078014184397162,0.5259457654927762
0.47659574468085103,1.6602836879432623,0.5251300026451727
0.47659574468085103,1.7127659574468084,0.5243667066016349
0.47659574468085103,1.7652482269503544,0.523650760616828
0.47659574468085103,1.8177304964539005,0.522977711443884
0.47659574468085103,1.8702127659574466,0.5223436643312214
0.47659574468085103,1.9226950354609926,0.5217451970626759
0.47659574468085103,1.9751773049645391,0.5211792892654952
0.47659574468085103,2.027659574468085,0.5206432639987723
0.47659574468085103,2.080141843971631,0.5201347392558595
0.47659574468085103,2.132624113475177,0.5196515875025367
0.47659574468085103,2.185106382978723,0.5191919017562787
0.47659574468085103,2.2375886524822692,0.5187539670134974
0.47659574468085103,2.2900709219858153,0.5183362360689833
0.47659574468085103,2.342553191489362,0.5179373089590096
0.47659574468085103,2.395035460992908,0.5175559154076432
0.47659574468085103,2.447517730496454,0.5171908997732921
0.47659574468085103,2.5,0.516841208086027
0.5063829787234042,0.03333333333333333,0.6511184024672263
0.5063829787234042,0.08581560283687943,0.6509622638887608
0.5063829787234042,0.13829787234042554,0.6490725071279692
0.5063829787234042,0.19078014184397163,0.6439347638481696
0.5063829787234042,0.24326241134751772,0.6360019919975021
0.5063829787234042,0.2957446808510638,0.6264644955593298
0.5063829787234042,0.34822695035461,0.6163375214087423
0.5063829787234042,0.4007092198581561,0.6063099995139818
0.5063829787234042,0.45319148936170217,0.5968117736055306
0.5063829787234042,0.5056737588652482,0.5880860951955371
0.5063829787234042,0.5581560283687944,0.5802420956114585
0.5063829787234042,0.6106382978723405,0.5732957175479492
0.5063829787234042,0.6631205673758865,0.567203401347969
0.5063829787234042,0.7156028368794326,0.5618886350449863
0.5063829787234042,0.7680851063829789,0.5572611012901173
0.5063829787234042,0.820567375886525,0.5532291170027751
0.5063829787234042,0.873049645390071,0.5497067835958747
0.5063829787234042,0.9255319148936171,0.5466174231708971
0.5063829787234042,0.9780141843971631,0.5438946597095626
0.5063829787234042,1.0304964539007093,0.5414821548576609
0.5063829787234042,1.0829787234042554,0.53933267330113
0.5063829787234042,1.1354609929078014,0.5374068914334237
0.5063829787234042,1.1879432624113477,0.5356721817654139
0.5063829787234042,1.2404255319148938,0.5341014899494209
0.5063829787234042,1.2929078014184399,0.5326723526253524
0.5063829787234042,1.3453900709219857,0.5313660663600993
0.5063829787234042,1.3978723404255318,0.5301669988704104
0.5063829787234042,1.4503546099290778,0.5290620255624819
0.5063829787234042,1.5028368794326241,0.5280400722148281
0.5063829787234042,1.5553191489361702,0.5270917454105156
0.5063829787234042,1.6078014184397162,0.5262090344061191
0.5063829787234042,1.6602836879432623,0.525385070600501
0.5063829787234042,1.7127659574468084,0.5246139331826976
0.5063829787234042,1.7652482269503544,0.5238904916945283
0.5063829787234042,1.8177304964539005,0.5232102780753617
0.5063829787234042,1.8702127659574466,0.5225693822667249
0.5063829787234042,1.9226950354609926,0.5219643666761113
0.5063829787234042,1.9751773049645391,0.521392195775567
0.5063829787234042,2.027659574468085,0.5208501778846607
0.5063829787234042,2.080141843971631,0.5203359167982898
0.5063829787234042,2.132624113475177,0.519847271400675
0.5063829787234042,2.185106382978723,0.5193823217851354
0.5063829787234042,2.2375886524822692,0.5189393406969075
0.5063829787234042,2.2900709219858153,0.5185167693507884
0.5063829787234042,2.342553191489362,0.5181131968605657
0.5063829787234042,2.395035460992908,0.5177273426637685
0.5063829787234042,2.447517730496454,0.5173580414416528
0.5063829787234042,2.5,0.5170042301270431
0.5361702127659574,0.03333333333333333,0.6511183892431014
0.5361702127659574,0.08581560283687943,0.6509063104098386
0.5361702127659574,0.13829787234042554,0.648787628699178
0.5361702127659574,0.19078014184397163,0.6434980306087301
0.5361702127659574,0.24326241134751772,0.6355823640191437
0.5361702127659574,0.2957446808510638,0.6261640846834664
0.5361702127659574,0.34822695035461,0.6161881717283536
0.5361702127659574,0.4007092198581561,0.6063044934360475
0.5361702127659574,0.45319148936170217,0.5969270312462641
0.5361702127659574,0.5056737588652482,0.5882954583539142
0.5361702127659574,0.5581560283687944,0.580520837342639
0.5361702127659574,0.6106382978723405,0.5736230450514698
0.5361702127659574,0.6631205673758865,0.5675627889343038
0.5361702127659574,0.7156028368794326,0.5622674339470272
0.5361702127659574,0.7680851063829789,0.5576498987072975
0.5361702127659574,0.820567375886525,0.5536210698829233
0.5361702127659574,0.873049645390071,0.5500970242231966
0.5361702127659574,0.9255319148936171,0.5470025681501346
0.5361702127659574,0.9780141843971631,0.5442724225488865
0.5361702127659574,1.0304964539007093,0.5418510492228633
0.5361702127659574,1.0829787234042554,0.5396917902248017
0.5361702127659574,1.1354609929078014,0.5377557343500671
0.5361702127659574,1.1879432624113477,0.5360105455533856
0.5361702127659574,1.2404255319148938,0.5344293728682653
0.5361702127659574,1.2929078014184399,0.532989892549544
0.5361702127659574,1.3453900709219857,0.5316734948150267
0.5361702127659574,1.3978723404255318,0.5304646080437344
0.5361702127659574,1.4503546099290778,0.5293501447405455
0.5361702127659574,1.5028368794326241,0.5283190510501815
0.5361702127659574,1.5553191489361702,0.5273619421331538
0.5361702127659574,1.6078014184397162,0.5264708076082323
0.5361702127659574,1.6602836879432623,0.5256387736010475
0.5361702127659574,1.7127659574468084,0.524859910251285
0.5361702127659574,1.7652482269503544,0.5241290756119923
0.5361702127659574,1.8177304964539005,0.5234417886517733
0.5361702127659574,1.8702127659574466,0.5227941255414065
0.5361702127659574,1.9226950354609926,0.5221826345995902
0.5361702127659574,1.9751773049645391,0.5216042662281223
0.5361702127659574,2.027659574468085,0.5210563149259456
0.5361702127659574,2.080141843971631,0.5205363710715385
0.5361702127659574,2.132624113475177,0.5200422806361874
0.5361702127659574,2.185106382978723,0.5195721113632247
0.5361702127659574,2.2375886524822692,0.5191241242418175
0.5361702127659574,2.2900709219858153,0.5186967493353873
0.5361702127659574,2.342553191489362,0.5182885652076855
0.5361702127659574,2.395035460992908,0.5178982813344951
0.5361702127659574,2.447517730496454,0.5175247230041155
0.5361702127659574,2.5,0.5171668183015936
0.5659574468085106,0.03333333333333333,0.6511183569224365
0.5659574468085106,0.08581560283687943,0.6508262370973185
0.5659574468085106,0.13829787234042554,0.6484219249236194
0.5659574468085106,0.19078014184397163,0.6429557577596239
0.5659574468085106,0.24326241134751772,0.635060591983637
0.5659574468085106,0.2957446808510638,0.6257758352601226
0.5659574468085106,0.34822695035461,0.6159669706424777
0.5659574468085106,0.4007092198581561,0.606241385545535
0.5659574468085106,0.45319148936170217,0.5969963871389743
0.5659574468085106,0.5056737588652482,0.5884682108681346
0.5659574468085106,0.5581560283687944,0.5807702525207524
0.5659574468085106,0.6106382978723405,0.5739267366245717
0.5659574468085106,0.6631205673758865,0.5679029902223593
0.5659574468085106,0.7156028368794326,0.5626305367108163
0.5659574468085106,0.7680851063829789,0.5580257498792621
0.5659574468085106,0.820567375886525,0.5540022550398298
0.5659574468085106,0.873049645390071,0.5504782338001912
0.5659574468085106,0.9255319148936171,0.5473800760182645
0.5659574468085106,0.9780141843971631,0.5446436752842674
0.5659574468085106,1.0304964539007093,0.5422143515692347
0.5659574468085106,1.0829787234042554,0.540046068768338
0.5659574468085106,1.1354609929078014,0.5381003622774001
0.5659574468085106,1.1879432624113477,0.5363452138934205
0.5659574468085106,1.2404255319148938,0.5347539965043698
0.5659574468085106,1.2929078014184399,0.5333045419432291
0.5659574468085106,1.3453900709219857,0.5319783465984291
0.5659574468085106,1.3978723404255318,0.5307599093914317
0.5659574468085106,1.4503546099290778,0.5296361877732609
0.5659574468085106,1.5028368794326241,0.5285961545288129
0.5659574468085106,1.5553191489361702,0.5276304384451517
0.5659574468085106,1.6078014184397162,0.5267310335932844
0.5659574468085106,1.6602836879432623,0.5258910641601487
0.5659574468085106,1.7127659574468084,0.5251045939718065
0.5659574468085106,1.7652482269503544,0.5243664718507219
0.5659574468085106,1.8177304964539005,0.5236722056697495
0.5659574468085106,1.8702127659574466,0.5230178593946299
0.5659574468085106,1.9226950354609926,0.5223999685698116
0.5659574468085106,1.9751773049645391,0.5218154706362638
0.5659574468085106,2.027659574468085,0.5212616472132517
0.5659574468085106,2.080141843971631,0.5207360760646732
0.5659574468085106,2.132624113475177,0.5202365909352473
0.5659574468085106,2.185106382978723,0.5197612478083585
0.5659574468085106,2.2375886524822692,0.519308296426395
0.5659574468085106,2.2900709219858153,0.5188761561426932
0.5659574468085106,2.342553191489362,0.5184633953547415
0.5659574468085106,2.395035460992908,0.5180687139114953
0.5659574468085106,2.447517730496454,0.5176909280015467
0.5659574468085106,2.5,0.5173289571197405
0.5957446808510638,0.03333333333333333,0.6511182779317355
0.5957446808510638,0.08581560283687943,0.650712520259436
0.5957446808510638,0.13829787234042554,0.6479615354571284
0.5957446808510638,0.19078014184397163,0.6423011974349672
0.5957446808510638,0.24326241134751772,0.6344357385340622
0.5957446808510638,0.2957446808510638,0.6253012070540893
0.5957446808510638,0.34822695035461,0.6156758218779703
0.5957446808510638,0.4007092198581561,0.6061222836294895
0.5957446808510638,0.45319148936170217,0.5970209924345441
0.5957446808510638,0.5056737588652482,0.5886050966093086
0.5957446808510638,0.5581560283687944,0.5809907773743076
0.5957446808510638,0.6106382978723405,0.5742070140934578
0.5957446808510638,0.6631205673758865,0.5682240849737067
0.5957446808510638,0.7156028368794326,0.5629779327657115
0.5957446808510638,0.7680851063829789,0.5583885893111122
0.5957446808510638,0.820567375886525,0.5543725756197465
0.5957446808510638,0.873049645390071,0.5508502994606532
0.5957446808510638,0.9255319148936171,0.5477498276813546
0.5957446808510638,0.9780141843971631,0.5450082986762336
0.5957446808510638,1.0304964539007093,0.5425719461591961
0.5957446808510638,1.0829787234042554,0.5403953987603336
0.5957446808510638,1.1354609929078014,0.5384406716578447
0.5957446808510638,1.1879432624113477,0.5366760902470523
0.5957446808510638,1.2404255319148938,0.5350752713470066
0.5957446808510638,1.2929078014184399,0.5336162180957034
0.5957446808510638,1.3453900709219857,0.532280545439329
0.5957446808510638,1.3978723404255318,0.5310528326557907
0.5957446808510638,1.4503546099290778,0.5299200899654258
0.5957446808510638,1.5028368794326241,0.5288713230687203
0.5957446808510638,1.5553191489361702,0.5278971794451012
0.5957446808510638,1.6078014184397162,0.5269896617330048
0.5957446808510638,1.6602836879432623,0.5261418955444601
0.5957446808510638,1.7127659574468084,0.525347941158243
0.5957446808510638,1.7652482269503544,0.5246026404547081
0.5957446808510638,1.8177304964539005,0.5239014921149637
0.5957446808510638,1.8702127659574466,0.5232405494925653
0.5957446808510638,1.9226950354609926,0.5226163366973131
0.5957446808510638,1.9751773049645391,0.5220257793416605
0.5957446808510638,2.027659574468085,0.5214661471269239
0.5957446808510638,2.080141843971631,0.5209350060230211
0.5957446808510638,2.132624113475177,0.5204301782513622
0.5957446808510638,2.185106382978723,0.5199497086405882
0.5957446808510638,2.2375886524822692,0.5194918362092048
0.5957446808510638,2.2900709219858153,0.5190549700539466
0.5957446808510638,2.342553191489362,0.5186376688007349
0.5957446808510638,2.395035460992908,0.5182386230164022
0.5957446808510638,2.447517730496454,0.517856640091855
0.5957446808510638,2.5,0.5174906311971812
0.6255319148936169,0.03333333333333333,0.651118084882674
0.6255319148936169,0.08581560283687943,0.6505517606724746
0.6255319148936169,0.13829787234042554,0.6473897740567026
0.6255319148936169,0.19078014184397163,0.6415269155834783
0.6255319148936169,0.24326241134751772,0.6337069369982082
0.6255319148936169,0.2957446808510638,0.6247418725518572
0.6255319148936169,0.34822695035461,0.6153168260083312
0.6255319148936169,0.4007092198581561,0.6059489507692698
0.6255319148936169,0.45319148936170217,0.5970021159524768
0.6255319148936169,0.5056737588652482,0.58870694783512
0.6255319148936169,0.5581560283687944,0.5811829146255252
0.6255319148936169,0.6106382978723405,0.574464149563631
0.6255319148936169,0.6631205673758865,0.5685261912100964
0.6255319148936169,0.7156028368794326,0.5633096408525852
0.6255319148936169,0.7680851063829789,0.5587383741201032
0.6255319148936169,0.820567375886525,0.5547319523365404
0.6255319148936169,0.873049645390071,0.5512131220850885
0.6255319148936169,0.9255319148936171,0.5481117148806633
0.6255319148936169,0.9780141843971631,0.5453661820881732
0.6255319148936169,1.0304964539007093,0.5429237241355188
0.6255319148936169,1.0829787234042554,0.5407396755718871
0.6255319148936169,1.1354609929078014,0.5387765634303064
0.6255319148936169,1.1879432624113477,0.5370030817489134
0.6255319148936169,1.2404255319148938,0.5353931109060406
0.6255319148936169,1.2929078014184399,0.5339248407963
0.6255319148936169,1.3453900709219857,0.5325800171487537
0.6255319148936169,1.3978723404255318,0.5313433093232413
0.6255319148936169,1.4503546099290778,0.5302017880911895
0.6255319148936169,1.5028368794326241,0.5291444983324091
0.6255319148936169,1.5553191489361702,0.5281621112910453
0.6255319148936169,1.6078014184397162,0.5272466423054059
0.6255319148936169,1.6602836879432623,0.526391221799464
0.6255319148936169,1.7127659574468084,0.5255899092967882
0.6255319148936169,1.7652482269503544,0.5248375420505383
0.6255319148936169,1.8177304964539005,0.5241296114799985
0.6255319148936169,1.8702127659574466,0.5234621619440833
0.6255319148936169,1.9226950354609926,0.5228317074806259
0.6255319148936169,1.9751773049645391,0.5222351630271754
0.6255319148936169,2.027659574468085,0.5216697873483058
0.6255319148936169,2.080141843971631,0.5211331354582593
0.6255319148936169,2.132624113475177,0.5206230187744114
0.6255319148936169,2.185106382978723,0.5201374715903185
0.6255319148936169,2.2375886524822692,0.5196747227365065
0.6255319148936169,2.2900709219858153,0.5192331715182869
0.6255319148936169,2.342553191489362,0.5188113671952214
0.6255319148936169,2.395035460992908,0.5184079914061638
0.6255319148936169,2.447517730496454,0.5180218430548386
0.6255319148936169,2.5,0.5176518252596428
0.6553191489361702,0.03333333333333333,0.6511176130844029
0.6553191489361702,0.08581560283687943,0.6503252671761752
0.6553191489361702,0.13829787234042554,0.6466870851234995
0.6553191489361702,0.19078014184397163,0.6406251168882816
0.6553191489361702,0.24326241134751772,0.6328735772915535
0.6553191489361702,0.2957446808510638,0.6240997831353464
0.6553191489361702,0.34822695035461,0.6148922938816422
0.6553191489361702,0.4007092198581561,0.6057233015678812
0.6553191489361702,0.45319148936170217,0.5969411370279606
0.6553191489361702,0.5056737588652482,0.5887746789415249
0.6553191489361702,0.5581560283687944,0.5813472289688211
0.6553191489361702,0.6106382978723405,0.5746984624085353
0.6553191489361702,0.6631205673758865,0.5688094633009397
0.6553191489361702,0.7156028368794326,0.5636257078513958
0.6553191489361702,0.7680851063829789,0.5590750833421658
0.6553191489361702,0.820567375886525,0.5550803230807249
0.6553191489361702,0.873049645390071,0.5515666160973207
0.6553191489361702,0.9255319148936171,0.5484656401034176
0.6553191489361702,0.9780141843971631,0.545717223465005
0.6553191489361702,1.0304964539007093,0.5432695835389596
0.6553191489361702,1.0829787234042554,0.5410788001553192
0.6553191489361702,1.1354609929078014,0.5391079430790274
0.6553191489361702,1.1879432624113477,0.5373260992591706
0.6553191489361702,1.2404255319148938,0.535707431764111
0.6553191489361702,1.2929078014184399,0.5342303323841818
0.6553191489361702,1.3453900709219857,0.532876689666052
0.6553191489361702,1.3978723404255318,0.5316312726667372
0.6553191489361702,1.4503546099290778,0.5304812204324307
0.6553191489361702,1.5028368794326241,0.5294156232613989
0.6553191489361702,1.5553191489361702,0.5284251812313631
0.6553191489361702,1.6078014184397162,0.5275019265223493
0.6553191489361702,1.6602836879432623,0.5266389977740297
0.6553191489361702,1.7127659574468084,0.5258304565677193
0.6553191489361702,1.7652482269503544,0.5250711378668682
0.6553191489361702,1.8177304964539005,0.5243565277816891
0.6553191489361702,1.8702127659574466,0.5236826633162135
0.6553191489361702,1.9226950354609926,0.5230460498200674
0.6553191489361702,1.9751773049645391,0.5224435927291854
0.6553191489361702,2.027659574468085,0.5218725408707606
0.6553191489361702,2.080141843971631,0.5213304391582867
0.6553191489361702,2.132624113475177,0.5208150889395075
0.6553191489361702,2.185106382978723,0.5203245146062672
0.6553191489361702,2.2375886524822692,0.5198569353494144
0.6553191489361702,2.2900709219858153,0.5194107411592077
0.6553191489361702,2.342553191489362,0.5189844723441395
0.6553191489361702,2.395035460992908,0.5185768019783138
0.6553191489361702,2.447517730496454,0.5181865207969577
0.6553191489361702,2.5,0.51781252414721
0.6851063829787233,0.03333333333333333,0.6511164600597912
0.6851063829787233,0.08581560283687943,0.6500072020126543
0.6851063829787233,0.13829787234042554,0.6458311721112645
0.6851063829787233,0.19078014184397163,0.6395880566511645
0.6851063829787233,0.24326241134751772,0.6319355090128893
0.6851063829787233,0.2957446808510638,0.6233772364746295
0.6851063829787233,0.34822695035461,0.6144047593548918
0.6851063829787233,0.4007092198581561,0.6054473978479512
0.6851063829787233,0.45319148936170217,0.5968395380377544
0.6851063829787233,0.5056737588652482,0.5888092799981202
0.6851063829787233,0.5581560283687944,0.5814843423874063
0.6851063829787233,0.6106382978723405,0.5749103161317458
0.6851063829787233,0.6631205673758865,0.5690740899515432
0.6851063829787233,0.7156028368794326,0.5639262075313997
0.6851063829787233,0.7680851063829789,0.5593987171786385
0.6851063829787233,0.820567375886525,0.5554176424825659
0.6851063829787233,0.873049645390071,0.5519107092259309
0.6851063829787233,0.9255319148936171,0.5488115164667086
0.6851063829787233,0.9780141843971631,0.546061329291262
0.6851063829787233,1.0304964539007093,0.5436094293101104
0.6851063829787233,1.0829787234042554,0.5414126790707285
0.6851063829787233,1.1354609929078014,0.5394347206730411
0.6851063829787233,1.1879432624113477,0.5376450574086498
0.6851063829787233,1.2404255319148938,0.5360181536231009
0.6851063829787233,1.2929078014184399,0.5345326177936439
0.6851063829787233,1.3453900709219857,0.5331704931016645
0.6851063829787233,1.3978723404255318,0.5319166577853295
0.6851063829787233,1.4503546099290778,0.5307583268148878
0.6851063829787233,1.5028368794326241,0.5296846421089239
0.6851063829787233,1.5553191489361702,0.5286863376341957
0.6851063829787233,1.6078014184397162,0.5277554665559265
0.6851063829787233,1.6602836879432623,0.5268851791440122
0.6851063829787233,1.7127659574468084,0.5260695418664769
0.6851063829787233,1.7652482269503544,0.5253033897532409
0.6851063829787233,1.8177304964539005,0.5245822055779269
0.6851063829787233,1.8702127659574466,0.5239020206491538
0.6851063829787233,1.9226950354609926,0.5232593330311599
0.6851063829787233,1.9751773049645391,0.5226510398495877
0.6851063829787233,2.027659574468085,0.5220743810104277
0.6851063829787233,2.080141843971631,0.5215268921968719
0.6851063829787233,2.132624113475177,0.5210063654356591
0.6851063829787233,2.185106382978723,0.5205108158632588
0.6851063829787233,2.2375886524822692,0.5200384535909229
0.6851063829787233,2.2900709219858153,0.5195876597808942
0.6851063829787233,2.342553191489362,0.5191569662155376
0.6851063829787233,2.395035460992908,0.5187450377761555
0.6851063829787233,2.447517730496454,0.5183506573560321
0.6851063829787233,2.5,0.5179727128185899
0.7148936170212764,0.03333333333333333,0.6511136422912764
0.7148936170212764,0.08581560283687943,0.6495622526210164
0.7148936170212764,0.13829787234042554,0.6447974000177943
0.7148936170212764,0.19078014184397163,0.6384085456534005
0.7148936170212764,0.24326241134751772,0.6308932554010228
0.7148936170212764,0.2957446808510638,0.6225769417300111
0.7148936170212764,0.34822695035461,0.6138569900707637
0.7148936170212764,0.4007092198581561,0.6051234434356484
0.7148936170212764,0.45319148936170217,0.596698896522634
0.7148936170212764,0.5056737588652482,0.5888118100737394
0.7148936170212764,0.5581560283687944,0.5815949293325412
0.7148936170212764,0.6106382978723405,0.575100115125055
0.7148936170212764,0.6631205673758865,0.5693202921082999
0.7148936170212764,0.7156028368794326,0.5642112392348245
0.7148936170212764,0.7680851063829789,0.5597092961901388
0.7148936170212764,0.820567375886525,0.5557438814335961
0.7148936170212764,0.873049645390071,0.5522453422332276
0.7148936170212764,0.9255319148936171,0.5491492675761266
0.7148936170212764,0.9780141843971631,0.5463984145295805
0.7148936170212764,1.0304964539007093,0.5439431732760304
0.7148936170212764,1.0829787234042554,0.541741224500718
0.7148936170212764,1.1354609929078014,0.5397568108964061
0.7148936170212764,1.1879432624113477,0.5379598746367471
0.7148936170212764,1.2404255319148938,0.5363251993449342
0.7148936170212764,1.2929078014184399,0.5348316245949456
0.7148936170212764,1.3453900709219857,0.5334613597763452
0.7148936170212764,1.3978723404255318,0.5321994016409028
0.7148936170212764,1.4503546099290778,0.5310330486420195
0.7148936170212764,1.5028368794326241,0.5299515004708064
0.7148936170212764,1.5553191489361702,0.5289455300153947
0.7148936170212764,1.6078014184397162,0.5280072155636366
0.7148936170212764,1.6602836879432623,0.5271297224348612
0.7148936170212764,1.7127659574468084,0.5263071248239304
0.7148936170212764,1.7652482269503544,0.5255342601982369
0.7148936170212764,1.8177304964539005,0.5248066099839076
0.7148936170212764,1.8702127659574466,0.5241202014708186
0.7148936170212764,1.9226950354609926,0.5234715268576617
0.7148936170212764,1.9751773049645391,0.5228574761674818
0.7148936170212764,2.027659574468085,0.5222752814167051
0.7148936170212764,2.080141843971631,0.5217224699430723
0.7148936170212764,2.132624113475177,0.5211968252142446
0.7148936170212764,2.185106382978723,0.5206963537698573
0.7148936170212764,2.2375886524822692,0.520219257212787
0.7148936170212764,2.2900709219858153,0.519763908374438
0.7148936170212764,2.342553191489362,0.5193288309451952
0.7148936170212764,2.395035460992908,0.5189126819938503
0.7148936170212764,2.447517730496454,0.5185142369058595
0.7148936170212764,2.5,0.5181323763553074
0.7446808510638298,0.03333333333333333,0.6511067568115804
0.7446808510638298,0.08581560283687943,0.648942900760119
0.7446808510638298,0.13829787234042554,0.6435595945364739
0.7446808510638298,0.19078014184397163,0.6370805456191356
0.7446808510638298,0.24326241134751772,0.6297482294891248
0.7446808510638298,0.2957446808510638,0.6217020788628489
0.7446808510638298,0.34822695035461,0.6132519950260661
0.7446808510638298,0.4007092198581561,0.6047537776661167
0.7446808510638298,0.45319148936170217,0.5965208768310238
0.7446808510638298,0.5056737588652482,0.588783390359893
0.7446808510638298,0.5581560283687944,0.5816797117896727
0.7446808510638298,0.6106382978723405,0.5752683013443878
0.7446808510638298,0.6631205673758865,0.5695483207969011
0.7446808510638298,0.7156028368794326,0.5644809265047762
0.7446808510638298,0.7680851063829789,0.5600068604445172
0.7446808510638298,0.820567375886525,0.5560590265709254
0.7446808510638298,0.873049645390071,0.552570468614457
0.7446808510638298,0.9255319148936171,0.5494788273608333
0.7446808510638298,0.9780141843971631,0.546728402540622
0.7446808510638298,1.0304964539007093,0.5442707341222933
0.7446808510638298,1.0829787234042554,0.5420643542536692
0.7446808510638298,1.1354609929078014,0.5400741330694282
0.7446808510638298,1.1879432624113477,0.5382704732222389
0.7446808510638298,1.2404255319148938,0.5366284949867645
0.7446808510638298,1.2929078014184399,0.5351272830306836
0.7446808510638298,1.3453900709219857,0.5337492242568327
0.7446808510638298,1.3978723404255318,0.5324794430920766
0.7446808510638298,1.4503546099290778,0.5313053289265804
0.7446808510638298,1.5028368794326241,0.5302161453144832
0.7446808510638298,1.5553191489361702,0.5292027090649681
0.7446808510638298,1.6078014184397162,0.5282571277123397
0.7446808510638298,1.6602836879432623,0.5273725850432325
0.7446808510638298,1.7127659574468084,0.5265431658258276
0.7446808510638298,1.7652482269503544,0.5257637123469466
0.7446808510638298,1.8177304964539005,0.5250297066878153
0.7446808510638298,1.8702127659574466,0.5243371738109164
0.7446808510638298,1.9226950354609926,0.5236826014842036
0.7446808510638298,1.9751773049645391,0.5230628738505229
0.7446808510638298,2.027659574468085,0.5224752160824538
0.7446808510638298,2.080141843971631,0.5219171480704138
0.7446808510638298,2.132624113475177,0.5213864454972812
0.7446808510638298,2.185106382978723,0.5208811069758226
0.7446808510638298,2.2375886524822692,0.5203993261822569
0.7446808510638298,2.2900709219858153,0.5199394681239263
0.7446808510638298,2.342553191489362,0.5195000488421346
0.7446808510638298,2.395035460992908,0.5190797179814183
0.7446808510638298,2.447517730496454,0.5186772437607525
0.7446808510638298,2.5,0.5182914999658297
0.7744680851063829,0.03333333333333333,0.6510899350827869
0.7744680851063829,0.08581560283687943,0.6480865944381358
0.7744680851063829,0.13829787234042554,0.6420913677384941
0.7744680851063829,0.19078014184397163,0.635599840647842
0.7744680851063829,0.24326241134751772,0.6285029414279276
0.7744680851063829,0.2957446808510638,0.6207563482009297
0.7744680851063829,0.34822695035461,0.6125930277504753
0.7744680851063829,0.4007092198581561,0.6043408672852827
0.7744680851063829,0.45319148936170217,0.5963072212213417
0.7744680851063829,0.5056737588652482,0.5887251971025701
0.7744680851063829,0.5581560283687944,0.5817394542557898
0.7744680851063829,0.6106382978723405,0.5754153509251384
0.7744680851063829,0.6631205673758865,0.5697584549093078
0.7744680851063829,0.7156028368794326,0.5647354156680384
0.7744680851063829,0.7680851063829789,0.5602914686258348
0.7744680851063829,0.820567375886525,0.5563630797287733
0.7744680851063829,0.873049645390071,0.5528860542700603
0.7744680851063829,0.9255319148936171,0.5498001398868052
0.7744680851063829,0.9780141843971631,0.5470512249855034
0.7744680851063829,1.0304964539007093,0.544592037351102
0.7744680851063829,1.0829787234042554,0.542381991755953
0.7744680851063829,1.1354609929078014,0.5403866111611114
0.7744680851063829,1.1879432624113477,0.5385767793071264
0.7744680851063829,1.2404255319148938,0.5369279698306163
0.7744680851063829,1.2929078014184399,0.5354195260477459
0.7744680851063829,1.3453900709219857,0.5340340233879777
0.7744680851063829,1.3978723404255318,0.5327567229252567
0.7744680851063829,1.4503546099290778,0.5315751123199002
0.7744680851063829,1.5028368794326241,0.5304785250061728
0.7744680851063829,1.5553191489361702,0.5294578266720164
0.7744680851063829,1.6078014184397162,0.5285051582009747
0.7744680851063829,1.6602836879432623,0.5276137252575807
0.7744680851063829,1.7127659574468084,0.5267776260313969
0.7744680851063829,1.7652482269503544,0.5259917100177433
0.7744680851063829,1.8177304964539005,0.5252514619659276
0.7744680851063829,1.8702127659574466,0.524552906214541
0.7744680851063829,1.9226950354609926,0.5238925275485236
0.7744680851063829,1.9751773049645391,0.5232672054659285
0.7744680851063829,2.027659574468085,0.5226741593539139
0.7744680851063829,2.080141843971631,0.5221109025658297
0.7744680851063829,2.132624113475177,0.5215752037854867
0.7744680851063829,2.185106382978723,0.5210650543793912
0.7744680851063829,2.2375886524822692,0.52057864068866
0.7744680851063829,2.2900709219858153,0.5201143204123999
0.7744680851063829,2.342553191489362,0.5196706023940225
0.7744680851063829,2.395035460992908,0.5192461292496383
0.7744680851063829,2.447517730496454,0.5188396623799925
0.7744680851063829,2.5,0.5184500689896187
0.8042553191489361,0.03333333333333333,0.651048859740994
0.8042553191489361,0.08581560283687943,0.6469135726835803
0.8042553191489361,0.13829787234042554,0.6403680795418618
0.8042553191489361,0.19078014184397163,0.6339647541385116
0.8042553191489361,0.24326241134751772,0.6271611838683039
0.8042553191489361,0.2957446808510638,0.6197440064406146
0.8042553191489361,0.34822695035461,0.6118835840442383
0.8042553191489361,0.4007092198581561,0.6038872964801897
0.8042553191489361,0.45319148936170217,0.5960597403789754
0.8042553191489361,0.5056737588652482,0.5886384543573794
0.8042553191489361,0.5581560283687944,0.581774958652801
0.8042553191489361,0.6106382978723405,0.5755417707581743
0.8042553191489361,0.6631205673758865,0.5699509989549398
0.8042553191489361,0.7156028368794326,0.564974874383225
0.8042553191489361,0.7680851063829789,0.5605631971112175
0.8042553191489361,0.820567375886525,0.5566560573616248
0.8042553191489361,0.873049645390071,0.5531920771537726
0.8042553191489361,0.9255319148936171,0.5501131591500192
0.8042553191489361,0.9780141843971631,0.5473668217118468
0.8042553191489361,1.0304964539007093,0.5449070152261676
0.8042553191489361,1.0829787234042554,0.5426940660335057
0.8042553191489361,1.1354609929078014,0.5406941737930882
0.8042553191489361,1.1879432624113477,0.5388787229136612
0.8042553191489361,1.2404255319148938,0.5372235564075716
0.8042553191489361,1.2929078014184399,0.5357082893248816
0.8042553191489361,1.3453900709219857,0.5343156963213529
0.8042553191489361,1.3978723404255318,0.5330311838828405
0.8042553191489361,1.4503546099290778,0.5318423451388588
0.8042553191489361,1.5028368794326241,0.5307385893361659
0.8042553191489361,1.5553191489361702,0.5297108359481334
0.8042553191489361,1.6078014184397162,0.5287512632820206
0.8042553191489361,1.6602836879432623,0.5278531022777218
0.8042553191489361,1.7127659574468084,0.5270104673911045
0.8042553191489361,1.7652482269503544,0.5262182177183526
0.8042553191489361,1.8177304964539005,0.5254718426971332
0.8042553191489361,1.8702127659574466,0.5247673677552778
0.8042553191489361,1.9226950354609926,0.5241012761532838
0.8042553191489361,1.9751773049645391,0.5234704439911457
0.8042553191489361,2.027659574468085,0.5228720859403256
0.8042553191489361,2.080141843971631,0.5223037097383464
0.8042553191489361,2.132624113475177,0.5217630778661306
0.8042553191489361,2.185106382978723,0.5212481751343763
0.8042553191489361,2.2375886524822692,0.5207571811498292
0.8042553191489361,2.2900709219858153,0.5202884468276785
0.8042553191489361,2.342553191489362,0.5198404742724549
0.8042553191489361,2.395035460992908,0.519411899474849
0.8042553191489361,2.447517730496454,0.5190014773721974
0.8042553191489361,2.5,0.5186080689011081
0.8340425531914892,0.03333333333333333,0.6509486891077596
0.8340425531914892,0.08581560283687943,0.6453268203199874
0.8340425531914892,0.13829787234042554,0.6383694771906766
0.8340425531914892,0.19078014184397163,0.6321768626283657
0.8340425531914892,0.24326241134751772,0.6257281808888489
0.8340425531914892,0.2957446808510638,0.6186698855407865
0.8340425531914892,0.34822695035461,0.611127393414388
0.8340425531914892,0.4007092198581561,0.6033957548435254
0.8340425531914892,0.45319148936170217,0.5957803033267809
0.8340425531914892,0.5056737588652482,0.5885244265887856
0.8340425531914892,0.5581560283687944,0.5817870592025468
0.8340425531914892,0.6106382978723405,0.5756480950474548
0.8340425531914892,0.6631205673758865,0.5701262807911458
0.8340425531914892,0.7156028368794326,0.5651994901645209
0.8340425531914892,0.7680851063829789,0.5608221390223271
0.8340425531914892,0.820567375886525,0.5569379899433923
0.8340425531914892,0.873049645390071,0.5534885268993671
0.8340425531914892,0.9255319148936171,0.5504178488513679
0.8340425531914892,0.9780141843971631,0.5476751406245813
0.8340425531914892,1.0304964539007093,0.545215606705058
0.8340425531914892,1.0829787234042554,0.5430005116832142
0.8340425531914892,1.1354609929078014,0.5409967542353058
0.8340425531914892,1.1879432624113477,0.5391762379547206
0.8340425531914892,1.2404255319148938,0.5375151905165865
0.8340425531914892,1.2929078014184399,0.5359935112959453
0.8340425531914892,1.3453900709219857,0.5345941845403578
0.8340425531914892,1.3978723404255318,0.5333027706885948
0.8340425531914892,1.4503546099290778,0.5321069753905591
0.8340425531914892,1.5028368794326241,0.5309962895422408
0.8340425531914892,1.5553191489361702,0.5299616912492761
0.8340425531914892,1.6078014184397162,0.528995400281699
0.8340425531914892,1.6602836879432623,0.5280906762333519
0.8340425531914892,1.7127659574468084,0.5272416526635442
0.8340425531914892,1.7652482269503544,0.526443200661206
0.8340425531914892,1.8177304964539005,0.5256908163768513
0.8340425531914892,1.8702127659574466,0.5249805280478014
0.8340425531914892,1.9226950354609926,0.5243088188774717
0.8340425531914892,1.9751773049645391,0.5236725628241549
0.8340425531914892,2.027659574468085,0.5230689709232517
0.8340425531914892,2.080141843971631,0.5224955462275165
0.8340425531914892,2.132624113475177,0.5219500458206662
0.8340425531914892,2.185106382978723,0.5214304486570815
0.8340425531914892,2.2375886524822692,0.5209349282183706
0.8340425531914892,2.2900709219858153,0.5204618291680498
0.8340425531914892,2.342553191489362,0.5200096473381255
0.8340425531914892,2.395035460992908,0.5195770125036492
0.8340425531914892,2.447517730496454,0.5191626734995995
0.8340425531914892,2.5,0.5187654853136043
0.8638297872340425,0.03333333333333333,0.6507051569704784
0.8638297872340425,0.08581560283687943,0.6432165976931833
0.8638297872340425,0.13829787234042554,0.6360829250888282
0.8638297872340425,0.19078014184397163,0.6302416402594548
0.8638297872340425,0.24326241134751772,0.6242106856422623
0.8638297872340425,0.2957446808510638,0.6175393915043101
0.8638297872340425,0.34822695035461,0.6103284035978135
0.8638297872340425,0.4007092198581561,0.6028690231648997
0.8638297872340425,0.45319148936170217,0.5954708267345651
0.8638297872340425,0.5056737588652482,0.5883844111410325
0.8638297872340425,0.5581560283687944,0.5817766172901042
0.8638297872340425,0.6106382978723405,0.5757348818698771
0.8638297872340425,0.6631205673758865,0.5702846493475584
0.8638297872340425,0.7156028368794326,0.5654094688909354
0.8638297872340425,0.7680851063829789,0.561068403258032
0.8638297872340425,0.820567375886525,0.5572089213468583
0.8638297872340425,0.873049645390071,0.5537754044288299
0.8638297872340425,0.9255319148936171,0.5507141821550993
0.8638297872340425,0.9780141843971631,0.5479761375426495
0.8638297872340425,1.0304964539007093,0.5455177573597575
0.8638297872340425,1.0829787234042554,0.5433012688345735
0.8638297872340425,1.1354609929078014,0.5412942903937603
0.8638297872340425,1.1879432624113477,0.5394692622377072
0.8638297872340425,1.2404255319148938,0.5378028112380564
0.8638297872340425,1.2929078014184399,0.5362751331688759
0.8638297872340425,1.3453900709219857,0.5348694318818606
0.8638297872340425,1.3978723404255318,0.5335714300702045
0.8638297872340425,1.4503546099290778,0.5323689527946959
0.8638297872340425,1.5028368794326241,0.5312515783311939
0.8638297872340425,1.5553191489361702,0.5302103481960841
0.8638297872340425,1.6078014184397162,0.5292375276188989
0.8638297872340425,1.6602836879432623,0.5283264082015174
0.8638297872340425,1.7127659574468084,0.5274711454314586
0.8638297872340425,1.7652482269503544,0.5266666247780621
0.8638297872340425,1.8177304964539005,0.5259083511303426
0.8638297872340425,1.8702127659574466,0.5251923572599708
0.8638297872340425,1.9226950354609926,0.5245151277873699
0.8638297872340425,1.9751773049645391,0.523873535793418
0.8638297872340425,2.027659574468085,0.5232647897655927
0.8638297872340425,2.080141843971631,0.5226863890115925
0.8638297872340425,2.132624113475177,0.5221360860321413
0.8638297872340425,2.185106382978723,0.521611854633026
0.8638297872340425,2.2375886524822692,0.5211118627877697
0.8638297872340425,2.2900709219858153,0.5206344494478173
0.8638297872340425,2.342553191489362,0.5201781046458708
0.8638297872340425,2.395035460992908,0.519741452357492
0.8638297872340425,2.447517730496454,0.5193232356822336
0.8638297872340425,2.5,0.5189223039831067
0.8936170212765956,0.03333333333333333,0.6501175148443884
0.8936170212765956,0.08581560283687943,0.6404728111201677
0.8936170212765956,0.13829787234042554,0.6335069418559371
0.8936170212765956,0.19078014184397163,0.6281689542195108
0.8936170212765956,0.24326241134751772,0.622617013049129
0.8936170212765956,0.2957446808510638,0.6163584808599478
0.8936170212765956,0.34822695035461,0.6094907578577573
0.8936170212765956,0.4007092198581561,0.6023099570381261
0.8936170212765956,0.45319148936170217,0.5951332636618519
0.8936170212765956,0.5056737588652482,0.588219730615701
0.8936170212765956,0.5581560283687944,0.5817445163432061
0.8936170212765956,0.6106382978723405,0.575802709757658
0.8936170212765956,0.6631205673758865,0.5704264723585057
0.8936170212765956,0.7156028368794326,0.565605033310637
0.8936170212765956,0.7680851063829789,0.5613021135146387
0.8936170212765956,0.820567375886525,0.5574689082076197
0.8936170212765956,0.873049645390071,0.5540527215447094
0.8936170212765956,0.9255319148936171,0.5510021414325647
0.8936170212765956,0.9780141843971631,0.5482697760427696
0.8936170212765956,1.0304964539007093,0.5458134192861771
0.8936170212765956,1.0829787234042554,0.5435962831020997
0.8936170212765956,1.1354609929078014,0.5415867247905746
0.8936170212765956,1.1879432624113477,0.5397577374621676
0.8936170212765956,1.2404255319148938,0.5380863609422397
0.8936170212765956,1.2929078014184399,0.536553098940472
0.8936170212765956,1.3453900709219857,0.5351413845544131
0.8936170212765956,1.3978723404255318,0.533837110779026
0.8936170212765956,1.4503546099290778,0.5326282288036316
0.8936170212765956,1.5028368794326241,0.5315044098984878
0.8936170212765956,1.5553191489361702,0.5304567636926508
0.8936170212765956,1.6078014184397162,0.5294776048228244
0.8936170212765956,1.6602836879432623,0.5285602602230224
0.8936170212765956,1.7127659574468084,0.5276989101168754
0.8936170212765956,1.7652482269503544,0.5268884567339025
0.8936170212765956,1.8177304964539005,0.5261244157254087
0.8936170212765956,1.8702127659574466,0.525402826124405
0.8936170212765956,1.9226950354609926,0.5247201754470924
0.8936170212765956,1.9751773049645391,0.5240733371674583
0.8936170212765956,2.027659574468085,0.52345951832029
0.8936170212765956,2.080141843971631,0.5228762154154329
0.8936170212765956,2.132624113475177,0.5223211771923842
0.8936170212765956,2.185106382978723,0.5217923730234725
0.8936170212765956,2.2375886524822692,0.5212879659983285
0.8936170212765956,2.2900709219858153,0.5208062899027048
0.8936170212765956,2.342553191489362,0.5203458294495944
0.8936170212765956,2.395035460992908,0.5199052032371737
0.8936170212765956,2.447517730496454,0.519483149002033
0.8936170212765956,2.5,0.5190785108120485
0.9234042553191489,0.03333333333333333,0.6487248589077768
0.9234042553191489,0.08581560283687943,0.6370081185812664
0.9234042553191489,0.13829787234042554,0.630654527258195
0.9234042553191489,0.19078014184397163,0.6259733272193265
0.9234042553191489,0.24326241134751772,0.620956996729462
0.9234042553191489,0.2957446808510638,0.6151336137297887
0.9234042553191489,0.34822695035461,0.6086187650751859
0.9234042553191489,0.4007092198581561,0.6017214683757387
0.9234042553191489,0.45319148936170217,0.594769591798028
0.9234042553191489,0.5056737588652482,0.5880317251985093
0.9234042553191489,0.5581560283687944,0.5816916567568023
0.9234042553191489,0.6106382978723405,0.5758521743231882
0.9234042553191489,0.6631205673758865,0.570552134117052
0.9234042553191489,0.7156028368794326,0.5657864215495638
0.9234042553191489,0.7680851063829789,0.5615234072998296
0.9234042553191489,0.820567375886525,0.5577180192765847
0.9234042553191489,0.873049645390071,0.5543205005093251
0.9234042553191489,0.9255319148936171,0.5512817179930397
0.9234042553191489,0.9780141843971631,0.5485560272914161
0.9234042553191489,1.0304964539007093,0.5461025510033762
0.9234042553191489,1.0829787234042554,0.543885505528981
0.9234042553191489,1.1354609929078014,0.5418740045367517
0.9234042553191489,1.1879432624113477,0.5400416092113303
0.9234042553191489,1.2404255319148938,0.5383657852926694
0.9234042553191489,1.2929078014184399,0.5368273554070583
0.9234042553191489,1.3453900709219857,0.5354099911530821
0.9234042553191489,1.3978723404255318,0.53409976360706
0.9234042553191489,1.4503546099290778,0.5328847566201926
0.9234042553191489,1.5028368794326241,0.5317547399460197
0.9234042553191489,1.5553191489361702,0.5307008959437445
0.9234042553191489,1.6078014184397162,0.5297155925493596
0.9234042553191489,1.6602836879432623,0.5287921953177694
0.9234042553191489,1.7127659574468084,0.5279249119953607
0.9234042553191489,1.7652482269503544,0.5271086639400775
0.9234042553191489,1.8177304964539005,0.5263389795844673
0.9234042553191489,1.8702127659574466,0.5256119059495358
0.9234042553191489,1.9226950354609926,0.5249239349286797
0.9234042553191489,1.9751773049645391,0.5242719416640637
0.9234042553191489,2.027659574468085,0.5236531328387144
0.9234042553191489,2.080141843971631,0.5230650031181392
0.9234042553191489,2.132624113475177,0.5225052983089556
0.9234042553191489,2.185106382978723,0.5219719840717626
0.9234042553191489,2.2375886524822692,0.5214632192429368
0.9234042553191489,2.2900709219858153,0.5209773329951153
0.9234042553191489,2.342553191489362,0.5205128052070626
0.9234042553191489,2.395035460992908,0.5200682495272102
0.9234042553191489,2.447517730496454,0.5196423987068284
0.9234042553191489,2.5,0.5192340918529543
0.9531914893617021,0.03333333333333333,0.6455608400946417
0.9531914893617021,0.08581560283687943,0.6327913987509134
0.9531914893617021,0.13829787234042554,0.6275555575912197
0.9531914893617021,0.19078014184397163,0.6236738922722457
0.9531914893617021,0.24326241134751772,0.6192418639486198
0.9531914893617021,0.2957446808510638,0.6138716836396393
0.9531914893617021,0.34822695035461,0.6077168630104224
0.9531914893617021,0.4007092198581561,0.6011065050243936
0.9531914893617021,0.45319148936170217,0.5943818012932428
0.9531914893617021,0.5056737588652482,0.5878217449853553
0.9531914893617021,0.5581560283687944,0.5816189508928994
0.9531914893617021,0.6106382978723405,0.5758838849458712
0.9531914893617021,0.6631205673758865,0.5706620332636971
0.9531914893617021,0.7156028368794326,0.5659538856330325
0.9531914893617021,0.7680851063829789,0.5617324349461645
0.9531914893617021,0.820567375886525,0.5579563347649472
0.9531914893617021,0.873049645390071,0.554578773613446
0.9531914893617021,0.9255319148936171,0.5515529118033532
0.9531914893617021,0.9780141843971631,0.5488348698661605
0.9531914893617021,1.0304964539007093,0.5463851173432491
0.9531914893617021,1.0829787234042554,0.5441688925224737
0.9531914893617021,1.1354609929078014,0.5421560812979156
0.9531914893617021,1.1879432624113477,0.540320826937777
0.9531914893617021,1.2404255319148938,0.5386410332446885
0.9531914893617021,1.2929078014184399,0.537097852171109
0.9531914893617021,1.3453900709219857,0.5356752026709564
0.9531914893617021,1.3978723404255318,0.5343593414011836
0.9531914893617021,1.4503546099290778,0.5331384912131967
0.9531914893617021,1.5028368794326241,0.5320025256980188
0.9531914893617021,1.5553191489361702,0.530942704470477
0.9531914893617021,1.6078014184397162,0.5299514525961445
0.9531914893617021,1.6602836879432623,0.5290221774990344
0.9531914893617021,1.7127659574468084,0.5281491172093739
0.9531914893617021,1.7652482269503544,0.5273272145667098
0.9531914893617021,1.8177304964539005,0.5265520127960007
0.9531914893617021,1.8702127659574466,0.5258195686301358
0.9531914893617021,1.9226950354609926,0.5251263798217476
0.9531914893617021,1.9751773049645391,0.524469324459116
0.9531914893617021,2.027659574468085,0.5238456099787289
0.9531914893617021,2.080141843971631,0.5232527301604198
0.9531914893617021,2.132624113475177,0.5226884287118696
0.9531914893617021,2.185106382978723,0.5221506683094469
0.9531914893617021,2.2375886524822692,0.5216376041726679
0.9531914893617021,2.2900709219858153,0.521147561419241
0.9531914893617021,2.342553191489362,0.5206790155845717
0.9531914893617021,2.395035460992908,0.5202305758001052
0.9531914893617021,2.447517730496454,0.5198009702142502
0.9531914893617021,2.5,0.5193890333120126
0.9829787234042552,0.03333333333333333,0.6390147317791303
0.9829787234042552,0.08581560283687943,0.6278839074475694
0.9829787234042552,0.13829787234042554,0.6242574592722606
0.9829787234042552,0.19078014184397163,0.6212939902023004
0.9829787234042552,0.24326241134751772,0.6174840283937836
0.9829787234042552,0.2957446808510638,0.6125799256153244
0.9829787234042552,0.34822695035461,0.6067895754627617
0.9829787234042552,0.4007092198581561,0.6004680287723075
0.9829787234042552,0.45319148936170217,0.5939718823007624
0.9829787234042552,0.5056737588652482,0.5875911423643868
0.9829787234042552,0.5581560283687944,0.581527318186726
0.9829787234042552,0.6106382978723405,0.5758984615399482
0.9829787234042552,0.6631205673758865,0.570756580622103
0.9829787234042552,0.7156028368794326,0.5661076900286204
0.9829787234042552,0.7680851063829789,0.5619293586297072
0.9829787234042552,0.820567375886525,0.5581839456853889
0.9829787234042552,0.873049645390071,0.5548275827369574
0.9829787234042552,0.9255319148936171,0.5518157311980145
0.9829787234042552,0.9780141843971631,0.5491062895675151
0.9829787234042552,1.0304964539007093,0.5466610893314375
0.9829787234042552,1.0829787234042554,0.5444464057815463
0.9829787234042552,1.1354609929078014,0.5424329112533841
0.9829787234042552,1.1879432624113477,0.5405953439434638
0.9829787234042552,1.2404255319148938,0.5389120570392574
0.9829787234042552,1.2929078014184399,0.5373645416439389
0.9829787234042552,1.3453900709219857,0.5359369725073804
0.9829787234042552,1.3978723404255318,0.5346157990746686
0.9829787234042552,1.4503546099290778,0.5333893893307368
0.9829787234042552,1.5028368794326241,0.5322477259150808
0.9829787234042552,1.5553191489361702,0.5311821501244296
0.9829787234042552,1.6078014184397162,0.5301851479163663
0.9829787234042552,1.6602836879432623,0.5292501717866639
0.9829787234042552,1.7127659574468084,0.52837149278073
0.9829787234042552,1.7652482269503544,0.5275440775543434
0.9829787234042552,1.8177304964539005,0.5267634861253719
0.9829787234042552,1.8702127659574466,0.526025786657307
0.9829787234042552,1.9226950354609926,0.5253274842426842
0.9829787234042552,1.9751773049645391,0.5246654611950345
0.9829787234042552,2.027659574468085,0.5240369268124304
0.9829787234042552,2.080141843971631,0.5234393749516757
0.9829787234042552,2.132624113475177,0.522870548060075
0.9829787234042552,2.185106382978723,0.5223284065622142
0.9829787234042552,2.2375886524822692,0.5218111027021988
0.9829787234042552,2.2900709219858153,0.5213169581060211
0.9829787234042552,2.342553191489362,0.520844444461486
0.9829787234042552,2.395035460992908,0.5203921668205024
0.9829787234042552,2.447517730496454,0.5199588491155342
0.9829787234042552,2.5,0.5195433215525633
1.0127659574468084,0.03333333333333333,0.627761694677419
1.0127659574468084,0.08581560283687943,0.6224614834087868
1.0127659574468084,0.13829787234042554,0.6208235403267709
1.0127659574468084,0.19078014184397163,0.6188604003617278
1.0127659574468084,0.24326241134751772,0.6156968075146391
1.0127659574468084,0.2957446808510638,0.6112658054940433
1.0127659574468084,0.34822695035461,0.6058414643836365
1.0127659574468084,0.4007092198581561,0.5998089921274059
1.0127659574468084,0.45319148936170217,0.593541812375535
1.0127659574468084,0.5056737588652482,0.5873412645167035
1.0127659574468084,0.5581560283687944,0.5814176803908682
1.0127659574468084,0.6106382978723405,0.5758965314216983
1.0127659574468084,0.6631205673758865,0.5708361970935012
1.0127659574468084,0.7156028368794326,0.566248110218052
1.0127659574468084,0.7680851063829789,0.5621143513990094
1.0127659574468084,0.820567375886525,0.5584009531930602
1.0127659574468084,0.873049645390071,0.5550669789039402
1.0127659574468084,0.9255319148936171,0.5520701925814862
1.0127659574468084,0.9780141843971631,0.5493702792223845
1.0127659574468084,1.0304964539007093,0.5469304440602214
1.0127659574468084,1.0829787234042554,0.5447180122172723
1.0127659574468084,1.1354609929078014,0.5427044550489071
1.0127659574468084,1.1879432624113477,0.5408651173543241
1.0127659574468084,1.2404255319148938,0.5391788121921725
1.0127659574468084,1.2929078014184399,0.5376273790445454
1.0127659574468084,1.3453900709219857,0.5361952564729809
1.0127659574468084,1.3978723404255318,0.5348690936160319
1.0127659574468084,1.4503546099290778,0.5336374095112444
1.0127659574468084,1.5028368794326241,0.5324903009063554
1.0127659574468084,1.5553191489361702,0.5314191951002359
1.0127659574468084,1.6078014184397162,0.5304166426312658
1.0127659574468084,1.6602836879432623,0.5294761442192006
1.0127659574468084,1.7127659574468084,0.5285920066221599
1.0127659574468084,1.7652482269503544,0.5277592226248371
1.0127659574468084,1.8177304964539005,0.5269733710250044
1.0127659574468084,1.8702127659574466,0.5262305331279377
1.0127659574468084,1.9226950354609926,0.5255272228433924
1.0127659574468084,1.9751773049645391,0.5248603279888336
1.0127659574468084,2.027659574468085,0.5242270608335585
1.0127659574468084,2.080141843971631,0.5236249162768026
1.0127659574468084,2.132624113475177,0.5230516363476966
1.0127659574468084,2.185106382978723,0.5225051799556102
1.0127659574468084,2.2375886524822692,0.5219836970150525
1.0127659574468084,2.2900709219858153,0.5214855062279456
1.0127659574468084,2.342553191489362,0.521009075934639
1.0127659574468084,2.395035460992908,0.5205530075492222
1.0127659574468084,2.447517730496454,0.520116021179223
1.0127659574468084,2.5,0.5196969430984959
1.0425531914893615,0.03333333333333333,0.6134422940566006
1.0425531914893615,0.08581560283687943,0.6168035552844433
1.0425531914893615,0.13829787234042554,0.6173288038331082
1.0425531914893615,0.19078014184397163,0.6164022445145824
1.0425531914893615,0.24326241134751772,0.6138940781310247
1.0425531914893615,0.2957446808510638,0.6099368946407399
1.0425531914893615,0.34822695035461,0.6048770782801759
1.0425531914893615,0.4007092198581561,0.5991323143175173
1.0425531914893615,0.45319148936170217,0.5930935438932906
1.0425531914893615,0.5056737588652482,0.5870734461027274
1.0425531914893615,0.5581560283687944,0.5812909569892375
1.0425531914893615,0.6106382978723405,0.5758787262936397
1.0425531914893615,0.6631205673758865,0.5709013116207152
1.0425531914893615,0.7156028368794326,0.5663754313052967
1.0425531914893615,0.7680851063829789,0.5622875962193399
1.0425531914893615,0.820567375886525,0.5586074679296898
1.0425531914893615,0.873049645390071,0.5552970218344576
1.0425531914893615,0.9255319148936171,0.5523163201241753
1.0425531914893615,0.9780141843971631,0.5496268384802089
1.0425531914893615,1.0304964539007093,0.5471931645541244
1.0425531914893615,1.0829787234042554,0.5449836838664879
1.0425531914893615,1.1354609929078014,0.5429706777434203
1.0425531914893615,1.1879432624113477,0.5411301080896849
1.0425531914893615,1.2404255319148938,0.5394412574788667
1.0425531914893615,1.2929078014184399,0.5378863223947208
1.0425531914893615,1.3453900709219857,0.5364500127915569
1.0425531914893615,1.3978723404255318,0.5351191840952596
1.0425531914893615,1.4503546099290778,0.5338825120923572
1.0425531914893615,1.5028368794326241,0.5327302125399015
1.0425531914893615,1.5553191489361702,0.5316538029466372
1.0425531914893615,1.6078014184397162,0.5306459020413631
1.0425531914893615,1.6602836879432623,0.5297000618649375
1.0425531914893615,1.7127659574468084,0.5288106275479705
1.0425531914893615,1.7652482269503544,0.5279726202915005
1.0425531914893615,1.8177304964539005,0.5271816396439206
1.0425531914893615,1.8702127659574466,0.5264337817536132
1.0425531914893615,1.9226950354609926,0.5257255708195719
1.0425531914893615,1.9751773049645391,0.5250539014397904
1.0425531914893615,2.027659574468085,0.5244159899645736
1.0425531914893615,2.080141843971631,0.5238093333027115
1.0425531914893615,2.132624113475177,0.5232316739100298
1.0425531914893615,2.185106382978723,0.5226809699205491
1.0425531914893615,2.2375886524822692,0.522155369568661
1.0425531914893615,2.2900709219858153,0.521653189203703
1.0425531914893615,2.342553191489362,0.5211728943226022
1.0425531914893615,2.395035460992908,0.5207130831471816
1.0425531914893615,2.447517730496454,0.5202724723547676
1.0425531914893615,2.5,0.5198498846375589
1.0723404255319149,0.03333333333333333,0.600852166478123
1.0723404255319149,0.08581560283687943,0.6112420218715647
1.0723404255319149,0.13829787234042554,0.613853695032966
1.0723404255319149,0.19078014184397163,0.6139496534076847
1.0723404255319149,0.24326241134751772,0.6120898900787485
1.0723404255319149,0.2957446808510638,0.6086007352711965
1.0723404255319149,0.34822695035461,0.6039008984603773
1.0723404255319149,0.4007092198581561,0.5984408570179393
1.0723404255319149,0.45319148936170217,0.5926289916685944
1.0723404255319149,0.5056737588652482,0.586789002204161
1.0723404255319149,0.5581560283687944,0.5811480608124406
1.0723404255319149,0.6106382978723405,0.5758456793624416
1.0723404255319149,0.6631205673758865,0.5709523592318722
1.0723404255319149,0.7156028368794326,0.5664899466674795
1.0723404255319149,0.7680851063829789,0.5624492850366584
1.0723404255319149,0.820567375886525,0.558803609373955
1.0723404255319149,0.873049645390071,0.5555177794952316
1.0723404255319149,0.9255319148936171,0.5525541454536684
1.0723404255319149,0.9780141843971631,0.5498759736028609
1.0723404255319149,1.0304964539007093,0.5474492396289713
1.0723404255319149,1.0829787234042554,0.545243397799205
1.0723404255319149,1.1354609929078014,0.5432315487501552
1.0723404255319149,1.1879432624113477,0.5413902808267288
1.0723404255319149,1.2404255319148938,0.5396993549149426
1.0723404255319149,1.2929078014184399,0.5381413325105263
1.0723404255319149,1.3453900709219857,0.5367012020989049
1.0723404255319149,1.3978723404255318,0.5353660316674532
1.0723404255319149,1.4503546099290778,0.5341246592176272
1.0723404255319149,1.5028368794326241,0.5329674242512282
1.0723404255319149,1.5553191489361702,0.5318859385760164
1.0723404255319149,1.6078014184397162,0.5308728926364104
1.0723404255319149,1.6602836879432623,0.5299218928318981
1.0723404255319149,1.7127659574468084,0.5290273252838026
1.0723404255319149,1.7652482269503544,0.5281842418684699
1.0723404255319149,1.8177304964539005,0.5273882648366406
1.0723404255319149,1.8702127659574466,0.5266355068689869
1.0723404255319149,1.9226950354609926,0.5259225039185403
1.0723404255319149,1.9751773049645391,0.5252461586367173
1.0723404255319149,2.027659574468085,0.5246036925633956
1.0723404255319149,2.080141843971631,0.523992605584559
1.0723404255319149,2.132624113475177,0.5234106414292918
1.0723404255319149,2.185106382978723,0.5228557581986125
1.0723404255319149,2.2375886524822692,0.5223261030992417
1.0723404255319149,2.2900709219858153,0.521819990702669
1.0723404255319149,2.342553191489362,0.5213358841698148
1.0723404255319149,2.395035460992908,0.5208723789791936
1.0723404255319149,2.447517730496454,0.5204281887760236
1.0723404255319149,2.5,0.5200021330245788
1.102127659574468,0.03333333333333333,0.5929046891128607
1.102127659574468,0.08581560283687943,0.6060868990513207
1.102127659574468,0.13829787234042554,0.6104768292157238
1.102127659574468,0.19078014184397163,0.6115323241955529
1.102127659574468,0.24326241134751772,0.6102980619292505
1.102127659574468,0.2957446808510638,0.6072647022417389
1.102127659574468,0.34822695035461,0.6029172848033257
1.102127659574468,0.4007092198581561,0.5977374003439095
1.102127659574468,0.45319148936170217,0.592150020958274
1.102127659574468,0.5056737588652482,0.5864892215925154
1.102127659574468,0.5581560283687944,0.5809898938853334
1.102127659574468,0.6106382978723405,0.5757980226062148
1.102127659574468,0.6631205673758865,0.570989779173048
1.102127659574468,0.7156028368794326,0.5665919566546282
1.102127659574468,0.7680851063829789,0.562599617865473
1.102127659574468,0.820567375886525,0.5589895052009956
1.102127659574468,0.873049645390071,0.5557293276512493
1.102127659574468,0.9255319148936171,0.5527837073426389
1.102127659574468,0.9780141843971631,0.5501176972492954
1.102127659574468,1.0304964539007093,0.5476986637450979
1.102127659574468,1.0829787234042554,0.5454971360202909
1.102127659574468,1.1354609929078014,0.5434870417724549
1.102127659574468,1.1879432624113477,0.5416456039602507
1.102127659574468,1.2404255319148938,0.5399530697326108
1.102127659574468,1.2929078014184399,0.5383923729902617
1.102127659574468,1.3453900709219857,0.5369487874386542
1.102127659574468,1.3978723404255318,0.5356095995739497
1.102127659574468,1.4503546099290778,0.5343638148410979
1.102127659574468,1.5028368794326241,0.533201901050051
1.102127659574468,1.5553191489361702,0.5321155682724306
1.102127659574468,1.6078014184397162,0.5310975821040776
1.102127659574468,1.6602836879432623,0.5301416062767532
1.102127659574468,1.7127659574468084,0.5292420704754925
1.102127659574468,1.7652482269503544,0.5283940594793234
1.102127659574468,1.8177304964539005,0.5275932201714348
1.102127659574468,1.8702127659574466,0.5268356834396013
1.102127659574468,1.9226950354609926,0.5261179984465901
1.102127659574468,1.9751773049645391,0.5254370771648411
1.102127659574468,2.027659574468085,0.5247901474298089
1.102127659574468,2.080141843971631,0.5241747130716887
1.102127659574468,2.132624113475177,0.5235885199401218
1.102127659574468,2.185106382978723,0.5230295268471308
1.102127659574468,2.2375886524822692,0.5224958806264892
1.102127659574468,2.2900709219858153,0.5219858946492362
1.102127659574468,2.342553191489362,0.521498030250574
1.102127659574468,2.395035460992908,0.5210308806176456
1.102127659574468,2.447517730496454,0.5205831567646425
1.102127659574468,2.5,0.5201536752845864
1.1319148936170211,0.03333333333333333,0.5888825678499204
1.1319148936170211,0.08581560283687943,0.6015618844801002
1.1319148936170211,0.13829787234042554,0.6072680625608561
1.1319148936170211,0.19078014184397163,0.6091781152066551
1.1319148936170211,0.24326241134751772,0.608531784610569
1.1319148936170211,0.2957446808510638,0.605935867400734
1.1319148936170211,0.34822695035461,0.6019304227785014
1.1319148936170211,0.4007092198581561,0.5970246196545647
1.1319148936170211,0.45319148936170217,0.5916584360380853
1.1319148936170211,0.5056737588652482,0.5861753603943392
1.1319148936170211,0.5581560283687944,0.5808173435361509
1.1319148936170211,0.6106382978723405,0.5757363842055768
1.1319148936170211,0.6631205673758865,0.5710140131381257
1.1319148936170211,0.7156028368794326,0.5666817673436232
1.1319148936170211,0.7680851063829789,0.5627388019042998
1.1319148936170211,0.820567375886525,0.5591652906537321
1.1319148936170211,0.873049645390071,0.5559317494201951
1.1319148936170211,0.9255319148936171,0.5530050513948015
1.1319148936170211,0.9780141843971631,0.5503520282559368
1.1319148936170211,1.0304964539007093,0.5479414368554151
1.1319148936170211,1.0829787234042554,0.5457448853658918
1.1319148936170211,1.1354609929078014,0.5437371347346386
1.1319148936170211,1.1879432624113477,0.541896049557942
1.1319148936170211,1.2404255319148938,0.5402023703531965
1.1319148936170211,1.2929078014184399,0.5386394101990314
1.1319148936170211,1.3453900709219857,0.5371927342551995
1.1319148936170211,1.3978723404255318,0.5358498531409759
1.1319148936170211,1.4503546099290778,0.5345999447297942
1.1319148936170211,1.5028368794326241,0.5334336095252765
1.1319148936170211,1.5553191489361702,0.5323426596981491
1.1319148936170211,1.6078014184397162,0.5313199393373806
1.1319148936170211,1.6602836879432623,0.5303591724126765
1.1319148936170211,1.7127659574468084,0.529454834697034
1.1319148936170211,1.7652482269503544,0.5286020460649387
1.1319148936170211,1.8177304964539005,0.5277964799379361
1.1319148936170211,1.8702127659574466,0.5270342870691642
1.1319148936170211,1.9226950354609926,0.5263120312758772
1.1319148936170211,1.9751773049645391,0.5256266351122801
1.1319148936170211,2.027659574468085,0.5249753338115232
1.1319148936170211,2.080141843971631,0.5243556361132794
1.1319148936170211,2.132624113475177,0.5237652908348274
1.1319148936170211,2.185106382978723,0.5232022582440511
1.1319148936170211,2.2375886524822692,0.522664685458083
1.1319148936170211,2.2900709219858153,0.5221508852269781
1.1319148936170211,2.342553191489362,0.5216593175728863
1.1319148936170211,2.395035460992908,0.5211885738460568
1.1319148936170211,2.447517730496454,0.5207373628333551
1.1319148936170211,2.5,0.520304498615849
1.1617021276595743,0.03333333333333333,0.5870729169117949
1.1617021276595743,0.08581560283687943,0.5977758637833804
1.1617021276595743,0.13829787234042554,0.6042831600356682
1.1617021276595743,0.19078014184397163,0.6069118178675525
1.1617021276595743,0.24326241134751772,0.6068032577879219
1.1617021276595743,0.2957446808510638,0.6046208723851907
1.1617021276595743,0.34822695035461,0.6009442733851428
1.1617021276595743,0.4007092198581561,0.5963050637004881
1.1617021276595743,0.45319148936170217,0.5911559695354041
1.1617021276595743,0.5056737588652482,0.5858486362205074
1.1617021276595743,0.5581560283687944,0.5806312787946576
1.1617021276595743,0.6106382978723405,0.5756613861514814
1.1617021276595743,0.6631205673758865,0.5710255036031909
1.1617021276595743,0.7156028368794326,0.5667596893510946
1.1617021276595743,0.7680851063829789,0.5628670506820314
1.1617021276595743,0.820567375886525,0.5593311079283791
1.1617021276595743,0.873049645390071,0.5561251348314701
1.1617021276595743,0.9255319148936171,0.5532182297301774
1.1617021276595743,0.9780141843971631,0.5505789914137217
1.1617021276595743,1.0304964539007093,0.5481775642489879
1.1617021276595743,1.0829787234042554,0.5459866373950869
1.1617021276595743,1.1354609929078014,0.5439818097082609
1.1617021276595743,1.1879432624113477,0.5421415933114533
1.1617021276595743,1.2404255319148938,0.5404472283558954
1.1617021276595743,1.2929078014184399,0.5388824132500387
1.1617021276595743,1.3453900709219857,0.5374330103838101
1.1617021276595743,1.3978723404255318,0.5360867597758854
1.1617021276595743,1.4503546099290778,0.5348330164641615
1.1617021276595743,1.5028368794326241,0.5336625178482549
1.1617021276595743,1.5553191489361702,0.5325671818987255
1.1617021276595743,1.6078014184397162,0.5315399344408673
1.1617021276595743,1.6602836879432623,0.5305745625161455
1.1617021276595743,1.7127659574468084,0.529665590457649
1.1617021276595743,1.7652482269503544,0.5288081753905921
1.1617021276595743,1.8177304964539005,0.5279980191541047
1.1617021276595743,1.8702127659574466,0.5272312940062758
1.1617021276595743,1.9226950354609926,0.5265045798508438
1.1617021276595743,1.9751773049645391,0.5258148110761265
1.1617021276595743,2.027659574468085,0.5251592314098898
1.1617021276595743,2.080141843971631,0.5245353554636999
1.1617021276595743,2.132624113475177,0.5239409358683828
1.1617021276595743,2.185106382978723,0.5233739350925849
1.1617021276595743,2.2375886524822692,0.522832501194002
1.1617021276595743,2.2900709219858153,0.5223149468826537
1.1617021276595743,2.342553191489362,0.5218197313821731
1.1617021276595743,2.395035460992908,0.5213454446625088
1.1617021276595743,2.447517730496454,0.5208907936891484
1.1617021276595743,2.5,0.5204545903928091
1.1914893617021276,0.03333333333333333,0.5863019389850385
1.1914893617021276,0.08581560283687943,0.5947330075127472
1.1914893617021276,0.13829787234042554,0.6015608331029942
1.1914893617021276,0.19078014184397163,0.6047542156501851
1.1914893617021276,0.24326241134751772,0.6051233802897161
1.1914893617021276,0.2957446808510638,0.6033258151121634
1.1914893617021276,0.34822695035461,0.5999625275412245
1.1914893617021276,0.4007092198581561,0.5955811346103316
1.1914893617021276,0.45319148936170217,0.5906442726893543
1.1914893617021276,0.5056737588652482,0.585510222822269
1.1914893617021276,0.5581560283687944,0.5804325471042349
1.1914893617021276,0.6106382978723405,0.5755736420412317
1.1914893617021276,0.6631205673758865,0.5710246922717405
1.1914893617021276,0.7156028368794326,0.5668260367093254
1.1914893617021276,0.7680851063829789,0.5629845832381255
1.1914893617021276,0.820567375886525,0.5594871055763013
1.1914893617021276,0.873049645390071,0.556309580391386
1.1914893617021276,0.9255319148936171,0.5534233006708702
1.1914893617021276,0.9780141843971631,0.5507986172426821
1.1914893617021276,1.0304964539007093,0.5484070563907723
1.1914893617021276,1.0829787234042554,0.546222388277233
1.1914893617021276,1.1354609929078014,0.5442210528340964
1.1914893617021276,1.1879432624113477,0.542382214483475
1.1914893617021276,1.2404255319148938,0.5406876184429424
1.1914893617021276,1.2929078014184399,0.5391213539827256
1.1914893617021276,1.3453900709219857,0.5376695860380055
1.1914893617021276,1.3978723404255318,0.536320288961053
1.1914893617021276,1.4503546099290778,0.5350629994364966
1.1914893617021276,1.5028368794326241,0.5338885957743214
1.1914893617021276,1.5553191489361702,0.5327891053066162
1.1914893617021276,1.6078014184397162,0.5317575387355714
1.1914893617021276,1.6602836879432623,0.5307877489326994
1.1914893617021276,1.7127659574468084,0.5298743112079707
1.1914893617021276,1.7652482269503544,0.5290124220523048
1.1914893617021276,1.8177304964539005,0.5281978135725517
1.1914893617021276,1.8702127659574466,0.5274266811506091
1.1914893617021276,1.9226950354609926,0.5266956221941733
1.1914893617021276,1.9751773049645391,0.5260015841681218
1.1914893617021276,2.027659574468085,0.525341820385281
1.1914893617021276,2.080141843971631,0.5247138522875677
1.1914893617021276,2.132624113475177,0.5241154371631673
1.1914893617021276,2.185106382978723,0.5235445404256359
1.1914893617021276,2.2375886524822692,0.5229993117306504
1.1914893617021276,2.2900709219858153,0.522478064330043
1.1914893617021276,2.342553191489362,0.5219792571648358
1.1914893617021276,2.395035460992908,0.5215014792829528
1.1914893617021276,2.447517730496454,0.5210434362363311
1.1914893617021276,2.5,0.5206039381689265
1.2212765957446807,0.03333333333333333,0.5859811309408469
1.2212765957446807,0.08581560283687943,0.5923654210579303
1.2212765957446807,0.13829787234042554,0.5991222768365452
1.2212765957446807,0.19078014184397163,0.6027214941552005
1.2212765957446807,0.24326241134751772,0.6035015102564452
1.2212765957446807,0.2957446808510638,0.6020561542300052
1.2212765957446807,0.34822695035461,0.5989885662341395
1.2212765957446807,0.4007092198581561,0.5948550701557384
1.2212765957446807,0.45319148936170217,0.5901249066927717
1.2212765957446807,0.5056737588652482,0.5851612453303462
1.2212765957446807,0.5581560283687944,0.5802219713697608
1.2212765957446807,0.6106382978723405,0.5754737550723221
1.2212765957446807,0.6631205673758865,0.5710120186359071
1.2212765957446807,0.7156028368794326,0.5668811258085545
1.2212765957446807,0.7680851063829789,0.563091623339072
1.2212765957446807,0.820567375886525,0.5596334379240954
1.2212765957446807,0.873049645390071,0.5564851886559852
1.2212765957446807,0.9255319148936171,0.5536203284284424
1.2212765957446807,0.9780141843971631,0.5510109417648817
1.2212765957446807,1.0304964539007093,0.5486299287581295
1.2212765957446807,1.0829787234042554,0.5464521386754625
1.2212765957446807,1.1354609929078014,0.5444548542401895
1.2212765957446807,1.1879432624113477,0.5426178958510759
1.2212765957446807,1.2404255319148938,0.5409235184013774
1.2212765957446807,1.2929078014184399,0.5393562069378914
1.2212765957446807,1.3453900709219857,0.5379024337942889
1.2212765957446807,1.3978723404255318,0.5365504122454811
1.2212765957446807,1.4503546099290778,0.53528986484742
1.2212765957446807,1.5028368794326241,0.5341118146426617
1.2212765957446807,1.5553191489361702,0.5330084017433709
1.2212765957446807,1.6078014184397162,0.5319727247627482
1.2212765957446807,1.6602836879432623,0.5309987050816597
1.2212765957446807,1.7127659574468084,0.5300809713453475
1.2212765957446807,1.7652482269503544,0.5292147614824348
1.2212765957446807,1.8177304964539005,0.5283958396862263
1.2212765957446807,1.8702127659574466,0.5276204260585419
1.2212765957446807,1.9226950354609926,0.5268851369122761
1.2212765957446807,1.9751773049645391,0.5261869340199369
1.2212765957446807,2.027659574468085,0.5255230813621171
1.2212765957446807,2.080141843971631,0.5248911081645105
1.2212765957446807,2.132624113475177,0.5242887772134499
1.2212765957446807,2.185106382978723,0.5237140576100053
1.2212765957446807,2.2375886524822692,0.5231651012647904
1.2212765957446807,2.2900709219858153,0.522640222553617
1.2212765957446807,2.342553191489362,0.5221378806516735
1.2212765957446807,2.395035460992908,0.5216566641443899
1.2212765957446807,2.447517730496454,0.5211952775794889
1.2212765957446807,2.5,0.5207525296794232
1.2510638297872338,0.03333333333333333,0.5858489532206012
1.2510638297872338,0.08581560283687943,0.5905692273300712
1.2510638297872338,0.13829787234042554,0.5969727790629141
1.2510638297872338,0.19078014184397163,0.600825015564325
1.2510638297872338,0.24326241134751772,0.6019453038982618
1.2510638297872338,0.2957446808510638,0.6008166345643137
1.2510638297872338,0.34822695035461,0.5980254274692903
1.2510638297872338,0.4007092198581561,0.5941289286615253
1.2510638297872338,0.45319148936170217,0.5895993352484482
1.2510638297872338,0.5056737588652482,0.5848027761254533
1.2510638297872338,0.5581560283687944,0.5800003473596085
1.2510638297872338,0.6106382978723405,0.5753623162419039
1.2510638297872338,0.6631205673758865,0.5709879186578111
1.2510638297872338,0.7156028368794326,0.5669252744083869
1.2510638297872338,0.7680851063829789,0.5631883987332043
1.2510638297872338,0.820567375886525,0.559770264513518
1.2510638297872338,0.873049645390071,0.5566520678127712
1.2510638297872338,0.9255319148936171,0.5538093827939023
1.2510638297872338,0.9780141843971631,0.5512160062764937
1.2510638297872338,1.0304964539007093,0.548846201674693
1.2510638297872338,1.0829787234042554,0.5466758936267649
1.2510638297872338,1.1354609929078014,0.5446832079562893
1.2510638297872338,1.1879432624113477,0.5428486236455422
1.2510638297872338,1.2404255319148938,0.5411549090615766
1.2510638297872338,1.2929078014184399,0.5395869493299088
1.2510638297872338,1.3453900709219857,0.5381315285743304
1.2510638297872338,1.3978723404255318,0.5367771032341877
1.2510638297872338,1.4503546099290778,0.5355135857004334
1.2510638297872338,1.5028368794326241,0.5343321473745378
1.2510638297872338,1.5553191489361702,0.5332250444204207
1.2510638297872338,1.6078014184397162,0.5321854662864157
1.2510638297872338,1.6602836879432623,0.5312074054598305
1.2510638297872338,1.7127659574468084,0.5302855462182692
1.2510638297872338,1.7652482269503544,0.5294151699545291
1.2510638297872338,1.8177304964539005,0.5285920747334585
1.2510638297872338,1.8702127659574466,0.5278125069482449
1.2510638297872338,1.9226950354609926,0.5270731032003079
1.2510638297872338,1.9751773049645391,0.5263708407880465
1.2510638297872338,2.027659574468085,0.5257029954335516
1.2510638297872338,2.080141843971631,0.5250671050936297
1.2510638297872338,2.132624113475177,0.5244609388896166
1.2510638297872338,2.185106382978723,0.523882470350376
1.2510638297872338,2.2375886524822692,0.5233298542972845
1.2510638297872338,2.2900709219858153,0.522801406812041
1.2510638297872338,2.342553191489362,0.5222955878211559
1.2510638297872338,2.395035460992908,0.5218109859079231
1.2510638297872338,2.447517730496454,0.5213463050263293
1.2510638297872338,2.5,0.5209003528439315
1.2808510638297872,0.03333333333333333,0.5857947158354794
1.2808510638297872,0.08581560283687943,0.5892324576268991
1.2808510638297872,0.13829787234042554,0.5951046630289142
1.2808510638297872,0.19078014184397163,0.5990714251693835
1.2808510638297872,0.24326241134751772,0.600460634730405
1.2808510638297872,0.2957446808510638,0.599611235242359
1.2808510638297872,0.34822695035461,0.5970757807398804
1.2808510638297872,0.4007092198581561,0.593404576844273
1.2808510638297872,0.45319148936170217,0.5890689184464415
1.2808510638297872,0.5056737588652482,0.5844358313793644
1.2808510638297872,0.5581560283687944,0.579768441476112
1.2808510638297872,0.6106382978723405,0.5752399027576519
1.2808510638297872,0.6631205673758865,0.5709528235739822
1.2808510638297872,0.7156028368794326,0.5669588007203428
1.2808510638297872,0.7680851063829789,0.5632751404454732
1.2808510638297872,0.820567375886525,0.5598977495626358
1.2808510638297872,0.873049645390071,0.5568103312724791
1.2808510638297872,0.9255319148936171,0.5539905388312083
1.2808510638297872,0.9780141843971631,0.5514138571197263
1.2808510638297872,1.0304964539007093,0.5490559001421599
1.2808510638297872,1.0829787234042554,0.5468936624190783
1.2808510638297872,1.1354609929078014,0.5449061118249917
1.2808510638297872,1.1879432624113477,0.5430743874889571
1.2808510638297872,1.2404255319148938,0.5413817742527304
1.2808510638297872,1.2929078014184399,0.5398135610161748
1.2808510638297872,1.3453900709219857,0.5383568476246935
1.2808510638297872,1.3978723404255318,0.5370003375754492
1.2808510638297872,1.4503546099290778,0.5357341367946159
1.2808510638297872,1.5028368794326241,0.5345495684699072
1.2808510638297872,1.5553191489361702,0.5334390079384832
1.2808510638297872,1.6078014184397162,0.5323957382947085
1.2808510638297872,1.6602836879432623,0.5314138256441845
1.2808510638297872,1.7127659574468084,0.530488012129934
1.2808510638297872,1.7652482269503544,0.5296136245874316
1.2808510638297872,1.8177304964539005,0.5287864967023755
1.2808510638297872,1.8702127659574466,0.5280029027042253
1.2808510638297872,1.9226950354609926,0.5272595008467215
1.2808510638297872,1.9751773049645391,0.5265532851582047
1.2808510638297872,2.027659574468085,0.5258815441658115
1.2808510638297872,2.080141843971631,0.5252418254976674
1.2808510638297872,2.132624113475177,0.5246319054421389
1.2808510638297872,2.185106382978723,0.5240497626930732
1.2808510638297872,2.2375886524822692,0.5234935556366391
1.2808510638297872,2.2900709219858153,0.5229616026415068
1.2808510638297872,2.342553191489362,0.5224523649025468
1.2808510638297872,2.395035460992908,0.5219644314616816
1.2808510638297872,2.447517730496454,0.5214965060904129
1.2808510638297872,2.5,0.5210473957690435
1.3106382978723403,0.03333333333333333,0.5857724975229345
1.3106382978723403,0.08581560283687943,0.5882517430661267
1.3106382978723403,0.13829787234042554,0.5935007833898465
1.3106382978723403,0.19078014184397163,0.5974630249877714
1.3106382978723403,0.24326241134751772,0.5990515887961865
1.3106382978723403,0.2957446808510638,0.5984431408349771
1.3106382978723403,0.34822695035461,0.5961419094139476
1.3106382978723403,0.4007092198581561,0.5926836807718597
1.3106382978723403,0.45319148936170217,0.5885349080408198
1.3106382978723403,0.5056737588652482,0.5840613682954868
1.3106382978723403,0.5581560283687944,0.5795269889045971
1.3106382978723403,0.6106382978723405,0.5751070766637073
1.3106382978723403,0.6631205673758865,0.5709071588246694
1.3106382978723403,0.7156028368794326,0.566982022562883
1.3106382978723403,0.7680851063829789,0.563352082113411
1.3106382978723403,0.820567375886525,0.5600160614492952
1.3106382978723403,0.873049645390071,0.556960097271858
1.3106382978723403,0.9255319148936171,0.5541638765751092
1.3106382978723403,0.9780141843971631,0.5516045454552597
1.3106382978723403,1.0304964539007093,0.5492590536705069
1.3106382978723403,1.0829787234042554,0.5471054584657944
1.3106382978723403,1.1354609929078014,0.5451235674098909
1.3106382978723403,1.1879432624113477,0.5432951803277437
1.3106382978723403,1.2404255319148938,0.5416041007554399
1.3106382978723403,1.2929078014184399,0.5400360244639252
1.3106382978723403,1.3453900709219857,0.5385783704942032
1.3106382978723403,1.3978723404255318,0.5372200929459626
1.3106382978723403,1.4503546099290778,0.5359514947155068
1.3106382978723403,1.5028368794326241,0.5347640540024727
1.3106382978723403,1.5553191489361702,0.5336502682856206
1.3106382978723403,1.6078014184397162,0.5326035170000762
1.3106382978723403,1.6602836879432623,0.5316179422935554
1.3106382978723403,1.7127659574468084,0.530688346340956
1.3106382978723403,1.7652482269503544,0.5298101033486574
1.3106382978723403,1.8177304964539005,0.5289790843346847
1.3106382978723403,1.8702127659574466,0.5281915928813297
1.3106382978723403,1.9226950354609926,0.5274443102373556
1.3106382978723403,1.9751773049645391,0.5267342483495179
1.3106382978723403,2.027659574468085,0.5260587096021895
1.3106382978723403,2.080141843971631,0.5254152522268715
1.3106382978723403,2.132624113475177,0.5248016605052849
1.3106382978723403,2.185106382978723,0.5242159190295989
1.3106382978723403,2.2375886524822692,0.5236561904023588
1.3106382978723403,2.2900709219858153,0.5231207958588967
1.3106382978723403,2.342553191489362,0.5226081983788836
1.3106382978723403,2.395035460992908,0.5221169879236148
1.3106382978723403,2.447517730496454,0.521645868493771
1.3106382978723403,2.5,0.521193646750758
1.3404255319148934,0.03333333333333333,0.5857634020565904
1.3404255319148934,0.08581560283687943,0.5875397644241926
1.3404255319148934,0.13829787234042554,0.5921379448982081
1.3404255319148934,0.19078014184397163,0.595998332729985
1.3404255319148934,0.24326241134751772,0.5977205263469246
1.3404255319148934,0.2957446808510638,0.597314734629514
1.3404255319148934,0.34822695035461,0.5952257011150504
1.3404255319148934,0.4007092198581561,0.5919677000440217
1.3404255319148934,0.45319148936170217,0.5879984441743684
1.3404255319148934,0.5056737588652482,0.5836802830670276
1.3404255319148934,0.5581560283687944,0.5792766921465422
1.3404255319148934,0.6106382978723405,0.5749643836832407
1.3404255319148934,0.6631205673758865,0.5708513431086896
1.3404255319148934,0.7156028368794326,0.5669952565895853
1.3404255319148934,0.7680851063829789,0.563419459365086
1.3404255319148934,0.820567375886525,0.5601253722177847
1.3404255319148934,0.873049645390071,0.5571014884882849
1.3404255319148934,0.9255319148936171,0.554329480734045
1.3404255319148934,0.9780141843971631,0.5517881270358058
1.3404255319148934,1.0304964539007093,0.549455696107139
1.3404255319148934,1.0829787234042554,0.5473112991780625
1.3404255319148934,1.1354609929078014,0.5453355799010511
1.3404255319148934,1.1879432624113477,0.5435109983634157
1.3404255319148934,1.2404255319148938,0.5418218782516052
1.3404255319148934,1.2929078014184399,0.5402543247145389
1.3404255319148934,1.3453900709219857,0.5387960790090545
1.3404255319148934,1.3978723404255318,0.537436349034005
1.3404255319148934,1.4503546099290778,0.5361656378242338
1.3404255319148934,1.5028368794326241,0.5349755816132059
1.3404255319148934,1.5553191489361702,0.5338588028339729
1.3404255319148934,1.6078014184397162,0.5328087798383364
1.3404255319148934,1.6602836879432623,0.5318197331493473
1.3404255319148934,1.7127659574468084,0.5308865270712325
1.3404255319148934,1.7652482269503544,0.5300045850570454
1.3404255319148934,1.8177304964539005,0.5291698171288307
1.3404255319148934,1.8702127659574466,0.528378557708211
1.3404255319148934,1.9226950354609926,0.5276275123590571
1.3404255319148934,1.9751773049645391,0.526913712118121
1.3404255319148934,2.027659574468085,0.5262344742666931
1.3404255319148934,2.080141843971631,0.5255873685625652
1.3404255319148934,2.132624113475177,0.5249701881005702
1.3404255319148934,2.185106382978723,0.5243809240999431
1.3404255319148934,2.2375886524822692,0.5238177440281002
1.3404255319148934,2.2900709219858153,0.5232789725647777
1.3404255319148934,2.342553191489362,0.5227630749898033
1.3404255319148934,2.395035460992908,0.5222686426441565
1.3404255319148934,2.447517730496454,0.5217943801694096
1.3404255319148934,2.5,0.5213390942768323
1.3702127659574466,0.03333333333333333,0.5857596797110958
1.3702127659574466,0.08581560283687943,0.5870267995720844
1.3702127659574466,0.13829787234042554,0.5909898430199435
1.3702127659574466,0.19078014184397163,0.5946727426395764
1.3702127659574466,0.24326241134751772,0.5964681970944825
1.3702127659574466,0.2957446808510638,0.5962276121292803
1.3702127659574466,0.34822695035461,0.594328645880256
1.3702127659574466,0.4007092198581561,0.5912578852041863
1.3702127659574466,0.45319148936170217,0.5874605535696755
1.3702127659574466,0.5056737588652482,0.5832934095596736
1.3702127659574466,0.5581560283687944,0.5790182199378003
1.3702127659574466,0.6106382978723405,0.5748123522769704
1.3702127659574466,0.6631205673758865,0.5707857875633088
1.3702127659574466,0.7156028368794326,0.5669988175904894
1.3702127659574466,0.7680851063829789,0.5634775092394656
1.3702127659574466,0.820567375886525,0.5602258571092953
1.3702127659574466,0.873049645390071,0.5572346316668775
1.3702127659574466,0.9255319148936171,0.5544874403987322
1.3702127659574466,0.9780141843971631,0.5519646619813311
1.3702127659574466,1.0304964539007093,0.549645865465422
1.3702127659574466,1.0829787234042554,0.5475112058352649
1.3702127659574466,1.1354609929078014,0.5455421580180757
1.3702127659574466,1.1879432624113477,0.5437218409807442
1.3702127659574466,1.2404255319148938,0.5420350992717825
1.3702127659574466,1.2929078014184399,0.5404684493454663
1.3702127659574466,1.3453900709219857,0.5390099572457536
1.3702127659574466,1.3978723404255318,0.537649087520659
1.3702127659574466,1.4503546099290778,0.5363765462449385
1.3702127659574466,1.5028368794326241,0.5351841305023821
1.3702127659574466,1.5553191489361702,0.5340645903351997
1.3702127659574466,1.6078014184397162,0.533011505466613
1.3702127659574466,1.6602836879432623,0.532019177035278
1.3702127659574466,1.7127659574468084,0.5310825335009755
1.3702127659574466,1.7652482269503544,0.5301970493846899
1.3702127659574466,1.8177304964539005,0.529358675342541
1.3702127659574466,1.8702127659574466,0.5285637780902618
1.3702127659574466,1.9226950354609926,0.5278090888028477
1.3702127659574466,1.9751773049645391,0.5270916587604543
1.3702127659574466,2.027659574468085,0.526408821167351
1.3702127659574466,2.080141843971631,0.5257581582204185
1.3702127659574466,2.132624113475177,0.5251374726399525
1.3702127659574466,2.185106382978723,0.524544762995672
1.3702127659574466,2.2375886524822692,0.5239782022646328
1.3702127659574466,2.2900709219858153,0.5234361191462235
1.3702127659574466,2.342553191489362,0.5229169817342227
1.3702127659574466,2.395035460992908,0.5224193832087602
1.3702127659574466,2.447517730496454,0.5219420292637006
1.3702127659574466,2.5,0.5214837270290295
1.3999999999999997,0.03333333333333333,0.5857581565060159
1.3999999999999997,0.08581560283687943,0.5866592222027922
1.3999999999999997,0.13829787234042554,0.5900293462302325
1.3999999999999997,0.19078014184397163,0.5934792142939928
1.3999999999999997,0.24326241134751772,0.5952938945530467
1.3999999999999997,0.2957446808510638,0.5951826121193711
1.3999999999999997,0.34822695035461,0.5934518416284008
1.3999999999999997,0.4007092198581561,0.5905552783096832
1.3999999999999997,0.45319148936170217,0.5869221491756588
1.3999999999999997,0.5056737588652482,0.5829015187145257
1.3999999999999997,0.5581560283687944,0.5787522065481124
1.3999999999999997,0.6106382978723405,0.5746514929148009
1.3999999999999997,0.6631205673758865,0.5707108950675294
1.3999999999999997,0.7156028368794326,0.5669930178659793
1.3999999999999997,0.7680851063829789,0.5635264696492179
1.3999999999999997,0.820567375886525,0.5603176941165702
1.3999999999999997,0.873049645390071,0.5573596572606354
1.3999999999999997,0.9255319148936171,0.5546378487569816
1.3999999999999997,0.9780141843971631,0.552134214556448
1.3999999999999997,1.0304964539007093,0.5498296037530166
1.3999999999999997,1.0829787234042554,0.5477052034540056
1.3999999999999997,1.1354609929078014,0.5457433139110639
1.3999999999999997,1.1879432624113477,0.543927710673575
1.3999999999999997,1.2404255319148938,0.542243759140171
1.3999999999999997,1.2929078014184399,0.5406783884299143
1.3999999999999997,1.3453900709219857,0.5392199915020017
1.3999999999999997,1.3978723404255318,0.5378582920591864
1.3999999999999997,1.4503546099290778,0.5365842018505532
1.3999999999999997,1.5028368794326241,0.5353896814201722
1.3999999999999997,1.5553191489361702,0.5342676109146627
1.3999999999999997,1.6078014184397162,0.5332116737601775
1.3999999999999997,1.6602836879432623,0.5322162538561752
1.3999999999999997,1.7127659574468084,0.5312763457709252
1.3999999999999997,1.7652482269503544,0.5303874768581646
1.3999999999999997,1.8177304964539005,0.5295456399947531
1.3999999999999997,1.8702127659574466,0.5287472356120192
1.3999999999999997,1.9226950354609926,0.52798902176663
1.3999999999999997,1.9751773049645391,0.5272680711161472
1.3999999999999997,2.027659574468085,0.5265817337991731
1.3999999999999997,2.080141843971631,0.5259276053534206
1.3999999999999997,2.132624113475177,0.5253034989287654
1.3999999999999997,2.185106382978723,0.5247074211627872
1.3999999999999997,2.2375886524822692,0.5241375511826041
1.3999999999999997,2.2900709219858153,0.5235922222794653
1.3999999999999997,2.342553191489362,0.5230699058728677
1.3999999999999997,2.395035460992908,0.5225691974402992
1.3999999999999997,2.447517730496454,0.5220888041386529
1.3999999999999997,2.5,0.5216275338852658
