mu/g,T/g,chiralcon
0.0,0.03333333333333333,0.6427245199325354
0.0,0.08581560283687943,0.6413699597603508
0.0,0.13829787234042554,0.6360792460545255
0.0,0.19078014184397163,0.6286941298863583
0.0,0.24326241134751772,0.6202994340729607
0.0,0.2957446808510638,0.6113690344679941
0.0,0.34822695035461,0.6023238810680404
0.0,0.4007092198581561,0.593541364155561
0.0,0.45319148936170217,0.5853032931031117
0.0,0.5056737588652482,0.5777788413117371
0.0,0.5581560283687944,0.571037824578807
0.0,0.6106382978723405,0.5650772762239961
0.0,0.6631205673758865,0.5598488024979332
0.0,0.7156028368794326,0.555280653015816
0.0,0.7680851063829789,0.5512930236019931
0.0,0.820567375886525,0.5478074194811182
0.0,0.873049645390071,0.5447516456523324
0.0,0.9255319148936171,0.5420619313072138
0.0,0.9780141843971631,0.5396833509627564
0.0,1.0304964539007093,0.5375693357755291
0.0,1.0829787234042554,0.5356807711396927
0.0,1.1354609929078014,0.5339849677244493
0.0,1.1879432624113477,0.5324546584535611
0.0,1.2404255319148938,0.5310670927374421
0.0,1.2929078014184399,0.5298032532532102
0.0,1.3453900709219857,0.5286471962958464
0.0,1.3978723404255318,0.5275855052140089
0.0,1.4503546099290778,0.526606842052933
0.0,1.5028368794326241,0.525701581868692
0.0,1.5553191489361702,0.5248615153042253
0.0,1.6078014184397162,0.5240796068538895
0.0,1.6602836879432623,0.5233497982291385
0.0,1.7127659574468084,0.5226668481039194
0.0,1.7652482269503544,0.5220262011542791
0.0,1.8177304964539005,0.5214238806851758
0.0,1.8702127659574466,0.5208564002711308
0.0,1.9226950354609926,0.5203206907553816
0.0,1.9751773049645391,0.5198140396883603
0.0,2.027659574468085,0.5193340408731323
0.0,2.080141843971631,0.5188785521515846
0.0,2.132624113475177,0.5184456599349343
0.0,2.185106382978723,0.5180336492753987
0.0,2.2375886524822692,0.5176409785086917
0.0,2.2900709219858153,0.5172662576821402
0.0,2.342553191489362,0.5169082301307606
0.0,2.395035460992908,0.5165657566815391
0.0,2.447517730496454,0.516237802060662
0.0,2.5,0.5159234231544285
0.02978723404255319,0.03333333333333333,0.6427255642286626
0.02978723404255319,0.08581560283687943,0.6417623901375126
0.02978723404255319,0.13829787234042554,0.637234453511995
0.02978723404255319,0.19078014184397163,0.6301977599657114
0.02978723404255319,0.24326241134751772,0.6218057232560772
0.02978723404255319,0.2957446808510638,0.6127389406632534
0.02978723404255319,0.34822695035461,0.6035344464962824
0.02978723404255319,0.4007092198581561,0.5946133685463275
0.02978723404255319,0.45319148936170217,0.586266191813381
0.02978723404255319,0.5056737588652482,0.5786579905453696
0.02978723404255319,0.5581560283687944,0.5718517897151972
0.02978723404255319,0.6106382978723405,0.565838730080208
0.02978723404255319,0.6631205673758865,0.560566196587988
0.02978723404255319,0.7156028368794326,0.5559596806164597
0.02978723404255319,0.7680851063829789,0.5519376635570128
0.02978723404255319,0.820567375886525,0.548420611444319
0.02978723404255319,0.873049645390071,0.5453357027405978
0.02978723404255319,0.9255319148936171,0.5426187831488607
0.02978723404255319,0.9780141843971631,0.5402146832117527
0.02978723404255319,1.0304964539007093,0.5380766687290677
0.02978723404255319,1.0829787234042554,0.5361655035269373
0.02978723404255319,1.1354609929078014,0.5344484010625858
0.02978723404255319,1.1879432624113477,0.5328980108375108
0.02978723404255319,1.2404255319148938,0.53149150705853
0.02978723404255319,1.2929078014184399,0.5302098025970758
0.02978723404255319,1.3453900709219857,0.5290368879909452
0.02978723404255319,1.3978723404255318,0.5279592842862463
0.02978723404255319,1.4503546099290778,0.5269655944497292
0.02978723404255319,1.5028368794326241,0.5260461376069878
0.02978723404255319,1.5553191489361702,0.5251926515906823
0.02978723404255319,1.6078014184397162,0.5243980511754631
0.02978723404255319,1.6602836879432623,0.5236562313920692
0.02978723404255319,1.7127659574468084,0.5229619071943039
0.02978723404255319,1.7652482269503544,0.5223104823956929
0.02978723404255319,1.8177304964539005,0.5216979421739764
0.02978723404255319,1.8702127659574466,0.5211207645758857
0.02978723404255319,1.9226950354609926,0.5205758473722685
0.02978723404255319,1.9751773049645391,0.5200604473489565
0.02978723404255319,2.027659574468085,0.5195721297046417
0.02978723404255319,2.080141843971631,0.5191087256923017
0.02978723404255319,2.132624113475177,0.5186682970097226
0.02978723404255319,2.185106382978723,0.5182491057373171
0.02978723404255319,2.2375886524822692,0.5178495888537492
0.02978723404255319,2.2900709219858153,0.517468336544631
0.02978723404255319,2.342553191489362,0.5171040736668061
0.02978723404255319,2.395035460992908,0.5167556438484349
0.02978723404255319,2.447517730496454,0.5164219957994404
0.02978723404255319,2.5,0.5161021714827696
0.05957446808510638,0.03333333333333333,0.6427259915328144
0.05957446808510638,0.08581560283687943,0.6420413871610604
0.05957446808510638,0.13829787234042554,0.6381804313295172
0.05957446808510638,0.19078014184397163,0.631505370996556
0.05957446808510638,0.24326241134751772,0.6231540565456642
0.05957446808510638,0.2957446808510638,0.613985256748993
0.05957446808510638,0.34822695035461,0.6046488532246067
0.05957446808510638,0.4007092198581561,0.5956108033442269
0.05957446808510638,0.45319148936170217,0.5871714327940639
0.05957446808510638,0.5056737588652482,0.5794926198310839
0.05957446808510638,0.5581560283687944,0.5726313451812053
0.05957446808510638,0.6106382978723405,0.5665734954504232
0.05957446808510638,0.6631205673758865,0.5612627713034906
0.05957446808510638,0.7156028368794326,0.556622343160643
0.05957446808510638,0.7680851063829789,0.5525693232172023
0.05957446808510638,0.820567375886525,0.5490234043585696
0.05957446808510638,0.873049645390071,0.5459113400018261
0.05957446808510638,0.9255319148936171,0.5431687432339509
0.05957446808510638,0.9780141843971631,0.5407403128400234
0.05957446808510638,1.0304964539007093,0.5385792324774465
0.05957446808510638,1.0829787234042554,0.53664620610107
0.05957446808510638,1.1354609929078014,0.5349083957903186
0.05957446808510638,1.1879432624113477,0.5333384017982076
0.05957446808510638,1.2404255319148938,0.5319133487320372
0.05957446808510638,1.2929078014184399,0.5306140989521364
0.05957446808510638,1.3453900709219857,0.5294245918730385
0.05957446808510638,1.3978723404255318,0.5283312974143609
0.05957446808510638,1.4503546099290778,0.5273227680615247
0.05957446808510638,1.5028368794326241,0.526389273672204
0.05957446808510638,1.5553191489361702,0.5255225044709728
0.05957446808510638,1.6078014184397162,0.5247153296053382
0.05957446808510638,1.6602836879432623,0.5239616006690562
0.05957446808510638,1.7127659574468084,0.5232559914857335
0.05957446808510638,1.7652482269503544,0.5225938670892856
0.05957446808510638,1.8177304964539005,0.5219711762172101
0.05957446808510638,1.8702127659574466,0.5213843627641362
0.05957446808510638,1.9226950354609926,0.5208302925578208
0.05957446808510638,1.9751773049645391,0.5203061925524861
0.05957446808510638,2.027659574468085,0.5198096001180234
0.05957446808510638,2.080141843971631,0.5193383205670422
0.05957446808510638,2.132624113475177,0.5188903914293027
0.05957446808510638,2.185106382978723,0.5184640522745808
0.05957446808510638,2.2375886524822692,0.5180577191164628
0.05957446808510638,2.2900709219858153,0.5176699626136606
0.05957446808510638,2.342553191489362,0.5172994894321942
0.05957446808510638,2.395035460992908,0.5169451262491226
0.05957446808510638,2.447517730496454,0.5166058059725922
0.05957446808510638,2.5,0.5162805558286646
0.08936170212765955,0.03333333333333333,0.6427261663751616
0.08936170212765955,0.08581560283687943,0.6422391734246562
0.08936170212765955,0.13829787234042554,0.6389488569753377
0.08936170212765955,0.19078014184397163,0.63263019957053
0.08936170212765955,0.24326241134751772,0.6243469210606964
0.08936170212765955,0.2957446808510638,0.6151064161575446
0.08936170212765955,0.34822695035461,0.6056645665289735
0.08936170212765955,0.4007092198581561,0.5965312657974153
0.08936170212765955,0.45319148936170217,0.5880170211242208
0.08936170212765955,0.5056737588652482,0.5802811351891772
0.08936170212765955,0.5581560283687944,0.573375220581143
0.08936170212765955,0.6106382978723405,0.5672805480068649
0.08936170212765955,0.6631205673758865,0.5619376876253194
0.08936170212765955,0.7156028368794326,0.5572679428051098
0.08936170212765955,0.7680851063829789,0.5531874144095232
0.08936170212765955,0.820567375886525,0.5496152970146251
0.08936170212765955,0.873049645390071,0.5464781264709402
0.08936170212765955,0.9255319148936171,0.5437114382192253
0.08936170212765955,0.9780141843971631,0.5412599143675093
0.08936170212765955,1.0304964539007093,0.5390767417023726
0.08936170212765955,1.0829787234042554,0.5371226275240839
0.08936170212765955,1.1354609929078014,0.5353647295206084
0.08936170212765955,1.1879432624113477,0.5337756337628232
0.08936170212765955,1.2404255319148938,0.5323324415664167
0.08936170212765955,1.2929078014184399,0.5310159846381425
0.08936170212765955,1.3453900709219857,0.5298101663586222
0.08936170212765955,1.3978723404255318,0.5287014170689155
0.08936170212765955,1.4503546099290778,0.5276782476762646
0.08936170212765955,1.5028368794326241,0.5267308856864201
0.08936170212765955,1.5553191489361702,0.5258509791291697
0.08936170212765955,1.6078014184397162,0.5250313557941887
0.08936170212765955,1.6602836879432623,0.5242658272306523
0.08936170212765955,1.7127659574468084,0.5235490288475078
0.08936170212765955,1.7652482269503544,0.5228762890884906
0.08936170212765955,1.8177304964539005,0.5222435220285231
0.08936170212765955,1.8702127659574466,0.52164713886331
0.08936170212765955,1.9226950354609926,0.5210839746732591
0.08936170212765955,1.9751773049645391,0.5205512275711303
0.08936170212765955,2.027659574468085,0.5200464079229109
0.08936170212765955,2.080141843971631,0.5195672957920805
0.08936170212765955,2.132624113475177,0.5191119051228454
0.08936170212765955,2.185106382978723,0.5186784534677841
0.08936170212765955,2.2375886524822692,0.518265336295552
0.08936170212765955,2.2900709219858153,0.5178711050974376
0.08936170212765955,2.342553191489362,0.517494448657628
0.08936170212765955,2.395035460992908,0.5171341769688472
0.08936170212765955,2.447517730496454,0.5167892073687413
0.08936170212765955,2.5,0.5164585525477959
0.11914893617021276,0.03333333333333333,0.6427262379159553
0.11914893617021276,0.08581560283687943,0.6423789459035464
0.11914893617021276,0.13829787234042554,0.6395671703670919
0.11914893617021276,0.19078014184397163,0.6335852580324012
0.11914893617021276,0.24326241134751772,0.6253874592958026
0.11914893617021276,0.2957446808510638,0.6161014872196491
0.11914893617021276,0.34822695035461,0.6065795339367521
0.11914893617021276,0.4007092198581561,0.5973727004581497
0.11914893617021276,0.45319148936170217,0.5888012077631638
0.11914893617021276,0.5056737588652482,0.5810221153461927
0.11914893617021276,0.5581560283687944,0.5740822664091625
0.11914893617021276,0.6106382978723405,0.5679589480467693
0.11914893617021276,0.6631205673758865,0.5625901659547321
0.11914893617021276,0.7156028368794326,0.5578958236591645
0.11914893617021276,0.7680851063829789,0.5537913788005308
0.11914893617021276,0.820567375886525,0.5501958096153053
0.11914893617021276,0.873049645390071,0.5470356466997102
0.11914893617021276,0.9255319148936171,0.5442465061255062
0.11914893617021276,0.9780141843971631,0.541773170728919
0.11914893617021276,1.0304964539007093,0.5395689173867585
0.11914893617021276,1.0829787234042554,0.537594521229961
0.11914893617021276,1.1354609929078014,0.5358171835209183
0.11914893617021276,1.1879432624113477,0.5342095119881026
0.11914893617021276,1.2404255319148938,0.5327486115844925
0.11914893617021276,1.2929078014184399,0.5314153037257472
0.11914893617021276,1.3453900709219857,0.5301934712624254
0.11914893617021276,1.3978723404255318,0.5290695168477089
0.11914893617021276,1.4503546099290778,0.528031918998897
0.11914893617021276,1.5028368794326241,0.5270708700241116
0.11914893617021276,1.5553191489361702,0.526177981371708
0.11914893617021276,1.6078014184397162,0.5253460439114449
0.11914893617021276,1.6602836879432623,0.524568832682938
0.11914893617021276,1.7127659574468084,0.5238409475170678
0.11914893617021276,1.7652482269503544,0.5231576825599165
0.11914893617021276,1.8177304964539005,0.5225149190895788
0.11914893617021276,1.8702127659574466,0.5219090371315024
0.11914893617021276,1.9226950354609926,0.521336842279379
0.11914893617021276,1.9751773049645391,0.5207955048506047
0.11914893617021276,2.027659574468085,0.5202825090805363
0.11914893617021276,2.080141843971631,0.5197956105167095
0.11914893617021276,2.132624113475177,0.5193328001367201
0.11914893617021276,2.185106382978723,0.5188922740011856
0.11914893617021276,2.2375886524822692,0.5184724074817664
0.11914893617021276,2.2900709219858153,0.5180717332861554
0.11914893617021276,2.342553191489362,0.5176889226470868
0.11914893617021276,2.395035460992908,0.5173227691585489
0.11914893617021276,2.447517730496454,0.5169721748355833
0.11914893617021276,2.5,0.5166361380491095
0.14893617021276595,0.03333333333333333,0.6427262671881477
0.14893617021276595,0.08581560283687943,0.6424772753803218
0.14893617021276595,0.13829787234042554,0.6400585821700895
0.14893617021276595,0.19078014184397163,0.6343828100667424
0.14893617021276595,0.24326241134751772,0.6262791666323076
0.14893617021276595,0.2957446808510638,0.6169700510229981
0.14893617021276595,0.34822695035461,0.607392145537576
0.14893617021276595,0.4007092198581561,0.5981333903583974
0.14893617021276595,0.45319148936170217,0.589522490516267
0.14893617021276595,0.5056737588652482,0.5817143149813846
0.14893617021276595,0.5581560283687944,0.5747514572557022
0.14893617021276595,0.6106382978723405,0.5686078431187057
0.14893617021276595,0.6631205673758865,0.5632194881541666
0.14893617021276595,0.7156028368794326,0.5585053733553776
0.14893617021276595,0.7680851063829789,0.5543806891128197
0.14893617021276595,0.820567375886525,0.5507644847281948
0.14893617021276595,0.873049645390071,0.5475835015116823
0.14893617021276595,0.9255319148936171,0.5447735969423031
0.14893617021276595,0.9780141843971631,0.5422797737624236
0.14893617021276595,1.0304964539007093,0.5400554872128744
0.14893617021276595,1.0829787234042554,0.5380616457513104
0.14893617021276595,1.1354609929078014,0.5362655429828509
0.14893617021276595,1.1879432624113477,0.5346398447842057
0.14893617021276595,1.2404255319148938,0.5331616872102618
0.14893617021276595,1.2929078014184399,0.5318119021931671
0.14893617021276595,1.3453900709219857,0.5305743679294128
0.14893617021276595,1.3978723404255318,0.5294354715875004
0.14893617021276595,1.4503546099290778,0.5283836687463426
0.14893617021276595,1.5028368794326241,0.5274091238932141
0.14893617021276595,1.5553191489361702,0.5265034176968544
0.14893617021276595,1.6078014184397162,0.5256593087050556
0.14893617021276595,1.6602836879432623,0.5248705391191234
0.14893617021276595,1.7127659574468084,0.5241316761447125
0.14893617021276595,1.7652482269503544,0.5234379820222277
0.14893617021276595,1.8177304964539005,0.5227853071839771
0.14893617021276595,1.8702127659574466,0.5221700020871589
0.14893617021276595,1.9226950354609926,0.521588844162609
0.14893617021276595,1.9751773049645391,0.5210389770331
0.14893617021276595,2.027659574468085,0.5205178597239842
0.14893617021276595,2.080141843971631,0.5200232240411711
0.14893617021276595,2.132624113475177,0.5195530386504118
0.14893617021276595,2.185106382978723,0.5191054786768706
0.14893617021276595,2.2375886524822692,0.5186788998705184
0.14893617021276595,2.2900709219858153,0.5182718165632872
0.14893617021276595,2.342553191489362,0.5178828827879481
0.14893617021276595,2.395035460992908,0.5175108760439533
0.14893617021276595,2.447517730496454,0.517154683288067
0.14893617021276595,2.5,0.5168132888021937
0.1787234042553191,0.03333333333333333,0.6427262791645574
0.1787234042553191,0.08581560283687943,0.6425459078894299
0.1787234042553191,0.13829787234042554,0.6404422687653634
0.1787234042553191,0.19078014184397163,0.6350339737928822
0.1787234042553191,0.24326241134751772,0.6270256225408648
0.1787234042553191,0.2957446808510638,0.6177120841427715
0.1787234042553191,0.34822695035461,0.6081011929729497
0.1787234042553191,0.4007092198581561,0.5988119461198346
0.1787234042553191,0.45319148936170217,0.5901796132978475
0.1787234042553191,0.5056737588652482,0.5823566667509984
0.1787234042553191,0.5581560283687944,0.5753818941823525
0.1787234042553191,0.6106382978723405,0.569226470096336
0.1787234042553191,0.6631205673758865,0.5638249992243193
0.1787234042553191,0.7156028368794326,0.5590960243811709
0.1787234042553191,0.7680851063829789,0.5549548501836922
0.1787234042553191,0.820567375886525,0.5513208881335258
0.1787234042553191,0.873049645390071,0.548121308686863
0.1787234042553191,0.9255319148936171,0.5452923731848681
0.1787234042553191,0.9780141843971631,0.5427794246658141
0.1787234042553191,1.0304964539007093,0.5405361859379839
0.1787234042553191,1.0829787234042554,0.5385237650302497
0.1787234042553191,1.1354609929078014,0.5367095972806224
0.1787234042553191,1.1879432624113477,0.5350664437305516
0.1787234042553191,1.2404255319148938,0.5335714994499009
0.1787234042553191,1.2929078014184399,0.532205628078597
0.1787234042553191,1.3453900709219857,0.5309527193636412
0.1787234042553191,1.3978723404255318,0.5297991574733808
0.1787234042553191,1.4503546099290778,0.5287333847406862
0.1787234042553191,1.5028368794326241,0.5277455454148279
0.1787234042553191,1.5553191489361702,0.5268271953631293
0.1787234042553191,1.6078014184397162,0.5259710655604372
0.1787234042553191,1.6602836879432623,0.5251708691705123
0.1787234042553191,1.7127659574468084,0.5244211438378084
0.1787234042553191,1.7652482269503544,0.5237171223846214
0.1787234042553191,1.8177304964539005,0.5230546264308484
0.1787234042553191,1.8702127659574466,0.5224299785384987
0.1787234042553191,1.9226950354609926,0.521839929360853
0.1787234042553191,1.9751773049645391,0.5212815969800491
0.1787234042553191,2.027659574468085,0.5207524161783024
0.1787234042553191,2.080141843971631,0.5202500958344687
0.1787234042553191,2.132624113475177,0.5197725829923368
0.1787234042553191,2.185106382978723,0.519318032428832
0.1787234042553191,2.2375886524822692,0.518884780774448
0.1787234042553191,2.2900709219858153,0.5184713244168246
0.1787234042553191,2.342553191489362,0.5180763005610601
0.1787234042553191,2.395035460992908,0.5176984709346207
0.1787234042553191,2.447517730496454,0.5173367077165397
0.1787234042553191,2.5,0.5169899813446263
0.2085106382978723,0.03333333333333333,0.6427262840625668
0.2085106382978723,0.08581560283687943,0.6425930854270159
0.2085106382978723,0.13829787234042554,0.6407336569041756
0.2085106382978723,0.19078014184397163,0.6355484322628165
0.2085106382978723,0.24326241134751772,0.6276302594496892
0.2085106382978723,0.2957446808510638,0.6183278503872532
0.2085106382978723,0.34822695035461,0.6087058291029633
0.2085106382978723,0.4007092198581561,0.5994072937890184
0.2085106382978723,0.45319148936170217,0.5907715639753013
0.2085106382978723,0.5056737588652482,0.5829482821849903
0.2085106382978723,0.5581560283687944,0.5759728062932529
0.2085106382978723,0.6106382978723405,0.5698141567056649
0.2085106382978723,0.6631205673758865,0.5644061086168224
0.2085106382978723,0.7156028368794326,0.5596672551689577
0.2085106382978723,0.7680851063829789,0.5555133998636356
0.2085106382978723,0.820567375886525,0.5518646095651698
0.2085106382978723,0.873049645390071,0.548648703574474
0.2085106382978723,0.9255319148936171,0.5458025104023637
0.2085106382978723,0.9780141843971631,0.543271834419064
0.2085106382978723,1.0304964539007093,0.5410107557466265
0.2085106382978723,1.0829787234042554,0.5389806487128588
0.2085106382978723,1.1354609929078014,0.5371491402178507
0.2085106382978723,1.1879432624113477,0.5354891238832491
0.2085106382978723,1.2404255319148938,0.5339778820666423
0.2085106382978723,1.2929078014184399,0.5325963316281117
0.2085106382978723,1.3453900709219857,0.531328390353757
0.2085106382978723,1.3978723404255318,0.530160452145615
0.2085106382978723,1.4503546099290778,0.529080956000445
0.2085106382978723,1.5028368794326241,0.5280800337014481
0.2085106382978723,1.5553191489361702,0.5271492224565877
0.2085106382978723,1.6078014184397162,0.5262812305585288
0.2085106382978723,1.6602836879432623,0.5254697460567631
0.2085106382978723,1.7127659574468084,0.5247092802044423
0.2085106382978723,1.7652482269503544,0.5239950389848602
0.2085106382978723,1.8177304964539005,0.5233228173180907
0.2085106382978723,1.8702127659574466,0.5226889116126445
0.2085106382978723,1.9226950354609926,0.5220900471890982
0.2085106382978723,1.9751773049645391,0.521523317794697
0.2085106382978723,2.027659574468085,0.5209861349804511
0.2085106382978723,2.080141843971631,0.520476185552045
0.2085106382978723,2.132624113475177,0.5199913956555483
0.2085106382978723,2.185106382978723,0.5195299003369553
0.2085106382978723,2.2375886524822692,0.5190900176359072
0.2085106382978723,2.2900709219858153,0.5186702264504464
0.2085106382978723,2.342553191489362,0.5182691475507576
0.2085106382978723,2.395035460992908,0.5178855272329452
0.2085106382978723,2.447517730496454,0.5175182231948505
0.2085106382978723,2.5,0.5171661922892845
0.23829787234042552,0.03333333333333333,0.6427262860607961
0.23829787234042552,0.08581560283687943,0.6426244942339532
0.23829787234042552,0.13829787234042554,0.6409447308725961
0.23829787234042552,0.19078014184397163,0.6359342302833423
0.23829787234042552,0.24326241134751772,0.6280961709083978
0.23829787234042552,0.2957446808510638,0.6188178048830861
0.23829787234042552,0.34822695035461,0.6092055301278485
0.23829787234042552,0.4007092198581561,0.5999186621391824
0.23829787234042552,0.45319148936170217,0.5912975710742099
0.23829787234042552,0.5056737588652482,0.5834884515561559
0.23829787234042552,0.5581560283687944,0.5765235515370412
0.23829787234042552,0.6106382978723405,0.5703703225163088
0.23829787234042552,0.6631205673758865,0.5649622911848707
0.23829787234042552,0.7156028368794326,0.5602185909444591
0.23829787234042552,0.7680851063829789,0.556055909753443
0.23829787234042552,0.820567375886525,0.5523952633434469
0.23829787234042552,0.873049645390071,0.5491653396325887
0.23829787234042552,0.9255319148936171,0.5463036976361132
0.23829787234042552,0.9780141843971631,0.5437567241724395
0.23829787234042552,1.0304964539007093,0.5414789465788419
0.23829787234042552,1.0829787234042554,0.5394320724266329
0.23829787234042552,1.1354609929078014,0.537583970262184
0.23829787234042552,1.1879432624113477,0.5359077039737298
0.23829787234042552,1.2404255319148938,0.534380671749215
0.23829787234042552,1.2929078014184399,0.5329838654388035
0.23829787234042552,1.3453900709219857,0.5317012475949291
0.23829787234042552,1.3978723404255318,0.5305192348037914
0.23829787234042552,1.4503546099290778,0.5294262728297827
0.23829787234042552,1.5028368794326241,0.5284124889336113
0.23829787234042552,1.5553191489361702,0.5274694079568684
0.23829787234042552,1.6078014184397162,0.5265897205328843
0.23829787234042552,1.6602836879432623,0.5257670936353873
0.23829787234042552,1.7127659574468084,0.5249960153964658
0.23829787234042552,1.7652482269503544,0.5242716676268145
0.23829787234042552,1.8177304964539005,0.5235898207352095
0.23829787234042552,1.8702127659574466,0.5229467467844334
0.23829787234042552,1.9226950354609926,0.522339147264758
0.23829787234042552,1.9751773049645391,0.5217640928444564
0.23829787234042552,2.027659574468085,0.5212189728990735
0.23829787234042552,2.080141843971631,0.5207014530533118
0.23829787234042552,2.132624113475177,0.5202094393133171
0.23829787234042552,2.185106382978723,0.5197410476409016
0.23829787234042552,2.2375886524822692,0.5192945780393567
0.23829787234042552,2.2900709219858153,0.518868492394614
0.23829787234042552,2.342553191489362,0.5184613954548141
0.23829787234042552,2.395035460992908,0.5180720184431009
0.23829787234042552,2.447517730496454,0.5176992048884075
0.23829787234042552,2.5,0.5173418983316174
0.2680851063829787,0.03333333333333333,0.642726286863987
0.2680851063829787,0.08581560283687943,0.6426439293541631
0.2680851063829787,0.13829787234042554,0.6410843179242671
0.2680851063829787,0.19078014184397163,0.6361976378880302
0.2680851063829787,0.24326241134751772,0.6284259590722265
0.2680851063829787,0.2957446808510638,0.6191825130569893
0.2680851063829787,0.34822695035461,0.6096000616826512
0.2680851063829787,0.4007092198581561,0.6003455701054198
0.2680851063829787,0.45319148936170217,0.5917570996085207
0.2680851063829787,0.5056737588652482,0.58397664282265
0.2680851063829787,0.5581560283687944,0.5770336167776332
0.2680851063829787,0.6106382978723405,0.5708944794111505
0.2680851063829787,0.6631205673758865,0.5654930877769222
0.2680851063829787,0.7156028368794326,0.5607496043346739
0.2680851063829787,0.7680851063829789,0.5565819857799935
0.2680851063829787,0.820567375886525,0.5529124888992188
0.2680851063829787,0.873049645390071,0.5496708888939444
0.2680851063829787,0.9255319148936171,0.5467956378272232
0.2680851063829787,0.9780141843971631,0.5442338255994941
0.2680851063829787,1.0304964539007093,0.5419405164337574
0.2680851063829787,1.0829787234042554,0.5398778180404431
0.2680851063829787,1.1354609929078014,0.5380138907673605
0.2680851063829787,1.1879432624113477,0.5363220065982428
0.2680851063829787,1.2404255319148938,0.5347797082735658
0.2680851063829787,1.2929078014184399,0.5333680845969232
0.2680851063829787,1.3453900709219857,0.5320711598070268
0.2680851063829787,1.3978723404255318,0.5308753863081198
0.2680851063829787,1.4503546099290778,0.5297692269055375
0.2680851063829787,1.5028368794326241,0.5287428124348508
0.2680851063829787,1.5553191489361702,0.5277876618019228
0.2680851063829787,1.6078014184397162,0.5268964531257238
0.2680851063829787,1.6602836879432623,0.5260628364504227
0.2680851063829787,1.7127659574468084,0.5252812801518809
0.2680851063829787,1.7652482269503544,0.5245469446174775
0.2680851063829787,1.8177304964539005,0.5238555780057311
0.2680851063829787,1.8702127659574466,0.523203429904876
0.2680851063829787,1.9226950354609926,0.5225871795327292
0.2680851063829787,1.9751773049645391,0.5220038757830259
0.2680851063829787,2.027659574468085,0.5214508869540695
0.2680851063829787,2.080141843971631,0.5209258584190145
0.2680851063829787,2.132624113475177,0.5204266768345746
0.2680851063829787,2.185106382978723,0.5199514397538721
0.2680851063829787,2.2375886524822692,0.5194984297236646
0.2680851063829787,2.2900709219858153,0.5190660921175847
0.2680851063829787,2.342553191489362,0.5186530160943235
0.2680851063829787,2.395035460992908,0.5182579181799262
0.2680851063829787,2.447517730496454,0.5178796280621828
0.2680851063829787,2.5,0.5175170762568709
0.2978723404255319,0.03333333333333333,0.6427262871573631
0.2978723404255319,0.08581560283687943,0.6426537428474298
0.2978723404255319,0.13829787234042554,0.6411583242460207
0.2978723404255319,0.19078014184397163,0.636343063643823
0.2978723404255319,0.24326241134751772,0.6286216205979024
0.2978723404255319,0.2957446808510638,0.6194225863824784
0.2978723404255319,0.34822695035461,0.6098894501391862
0.2978723404255319,0.4007092198581561,0.6006878149247327
0.2978723404255319,0.45319148936170217,0.5921498462746111
0.2978723404255319,0.5056737588652482,0.5844124997419056
0.2978723404255319,0.5581560283687944,0.5775026171748067
0.2978723404255319,0.6106382978723405,0.5713862315519904
0.2978723404255319,0.6631205673758865,0.5659981054811352
0.2978723404255319,0.7156028368794326,0.5612599157387249
0.2978723404255319,0.7680851063829789,0.5570912686118702
0.2978723404255319,0.820567375886525,0.5534159511894763
0.2978723404255319,0.873049645390071,0.5501650423577003
0.2978723404255319,0.9255319148936171,0.5472780481731628
0.2978723404255319,0.9780141843971631,0.544702881214497
0.2978723404255319,1.0304964539007093,0.5423952316480927
0.2978723404255319,1.0829787234042554,0.5403176739065984
0.2978723404255319,1.1354609929078014,0.5384387101823446
0.2978723404255319,1.1879432624113477,0.5367318583979093
0.2978723404255319,1.2404255319148938,0.5351748346576022
0.2978723404255319,1.2929078014184399,0.533748846810812
0.2978723404255319,1.3453900709219857,0.5324379978488676
0.2978723404255319,1.3978723404255318,0.5312287892777344
0.2978723404255319,1.4503546099290778,0.5301097113619441
0.2978723404255319,1.5028368794326241,0.5290709067448623
0.2978723404255319,1.5553191489361702,0.5281038949513425
0.2978723404255319,1.6078014184397162,0.5272013468428783
0.2978723404255319,1.6602836879432623,0.5263568997802274
0.2978723404255319,1.7127659574468084,0.5255650058365199
0.2978723404255319,1.7652482269503544,0.5248208068034084
0.2978723404255319,1.8177304964539005,0.524120030919151
0.2978723404255319,1.8702127659574466,0.5234589072292385
0.2978723404255319,1.9226950354609926,0.522834094290137
0.2978723404255319,1.9751773049645391,0.5222426205722508
0.2978723404255319,2.027659574468085,0.5216818344359562
0.2978723404255319,2.080141843971631,0.5211493619684202
0.2978723404255319,2.132624113475177,0.5206430712992062
0.2978723404255319,2.185106382978723,0.5201610422762497
0.2978723404255319,2.2375886524822692,0.5197015405942988
0.2978723404255319,2.2900709219858153,0.5192629956363317
0.2978723404255319,2.342553191489362,0.5188439814235034
0.2978723404255319,2.395035460992908,0.5184432001777423
0.2978723404255319,2.447517730496454,0.5180594680886605
0.2978723404255319,2.5,0.5176917029472656
0.3276595744680851,0.03333333333333333,0.6427262871912114
0.3276595744680851,0.08581560283687943,0.6426551234591098
0.3276595744680851,0.13829787234042554,0.6411699049996007
0.3276595744680851,0.19078014184397163,0.636373004628633
0.3276595744680851,0.24326241134751772,0.6286844696709878
0.3276595744680851,0.2957446808510638,0.6195386361613777
0.3276595744680851,0.34822695035461,0.6100739600519564
0.3276595744680851,0.4007092198581561,0.6009454614414176
0.3276595744680851,0.45319148936170217,0.5924757342147561
0.3276595744680851,0.5056737588652482,0.5847958392475688
0.3276595744680851,0.5581560283687944,0.577930294916828
0.3276595744680851,0.6106382978723405,0.5718452748614237
0.3276595744680851,0.6631205673758865,0.5664770175304619
0.3276595744680851,0.7156028368794326,0.5617491934664388
0.3276595744680851,0.7680851063829789,0.5575834339170811
0.3276595744680851,0.820567375886525,0.553905341005349
0.3276595744680851,0.873049645390071,0.5506475103073775
0.3276595744680851,0.9255319148936171,0.5477506604332015
0.3276595744680851,0.9780141843971631,0.5451636446540269
0.3276595744680851,1.0304964539007093,0.5428428671492679
0.3276595744680851,1.0829787234042554,0.5407514350846905
0.3276595744680851,1.1354609929078014,0.5388582422472412
0.3276595744680851,1.1879432624113477,0.537137090229071
0.3276595744680851,1.2404255319148938,0.5355658973087348
0.3276595744680851,1.2929078014184399,0.5341260125384272
0.3276595744680851,1.3453900709219857,0.5328016348283656
0.3276595744680851,1.3978723404255318,0.5315793281858593
0.3276595744680851,1.4503546099290778,0.5304476208729338
0.3276595744680851,1.5028368794326241,0.529396675690781
0.3276595744680851,1.5553191489361702,0.5284180194482032
0.3276595744680851,1.6078014184397162,0.5275043211075613
0.3276595744680851,1.6602836879432623,0.5266492096843339
0.3276595744680851,1.7127659574468084,0.5258471244849725
0.3276595744680851,1.7652482269503544,0.5250931916065671
0.3276595744680851,1.8177304964539005,0.5243831217623879
0.3276595744680851,1.8702127659574466,0.5237131254447186
0.3276595744680851,1.9226950354609926,0.5230798422107477
0.3276595744680851,1.9751773049645391,0.5224802815037073
0.3276595744680851,2.027659574468085,0.5219117729249978
0.3276595744680851,2.080141843971631,0.5213719242763113
0.3276595744680851,2.132624113475177,0.5208585860131838
0.3276595744680851,2.185106382978723,0.5203698210091012
0.3276595744680851,2.2375886524822692,0.5199038787354041
0.3276595744680851,2.2900709219858153,0.5194591731273694
0.3276595744680851,2.342553191489362,0.519034263539416
0.3276595744680851,2.395035460992908,0.5186278382991011
0.3276595744680851,2.447517730496454,0.518238700455723
0.3276595744680851,2.5,0.5178657553891203
0.3574468085106382,0.03333333333333333,0.6427262869944089
0.3574468085106382,0.08581560283687943,0.6426482385194069
0.3574468085106382,0.13829787234042554,0.6411195594242023
0.3574468085106382,0.19078014184397163,0.6362880239366169
0.3574468085106382,0.24326241134751772,0.6286150969446926
0.3574468085106382,0.2957446808510638,0.6195312460956097
0.3574468085106382,0.34822695035461,0.610154078382185
0.3574468085106382,0.4007092198581561,0.6011188329162216
0.3574468085106382,0.45319148936170217,0.5927349075160936
0.3574468085106382,0.5056737588652482,0.5851266481718246
0.3574468085106382,0.5581560283687944,0.5783165173473697
0.3574468085106382,0.6106382978723405,0.5722713960432299
0.3574468085106382,0.6631205673758865,0.5669295628803239
0.3574468085106382,0.7156028368794326,0.5622171536510076
0.3574468085106382,0.7680851063829789,0.5580581924661807
0.3574468085106382,0.820567375886525,0.554380375174147
0.3574468085106382,0.873049645390071,0.5511180225556658
0.3574468085106382,0.9255319148936171,0.548213221182882
0.3574468085106382,0.9780141843971631,0.5456158809226659
0.3574468085106382,1.0304964539007093,0.5432832066829257
0.3574468085106382,1.0829787234042554,0.5411789035469906
0.3574468085106382,1.1354609929078014,0.5392723061757543
0.3574468085106382,1.1879432624113477,0.5375375373237103
0.3574468085106382,1.2404255319148938,0.5359527461640136
0.3574468085106382,1.2929078014184399,0.5344994451092892
0.3574468085106382,1.3453900709219857,0.5331619462084363
0.3574468085106382,1.3978723404255318,0.5319268894517116
0.3574468085106382,1.4503546099290778,0.5307828517319051
0.3574468085106382,1.5028368794326241,0.5297200244564808
0.3574468085106382,1.5553191489361702,0.5287299484793496
0.3574468085106382,1.6078014184397162,0.527805296312899
0.3574468085106382,1.6602836879432623,0.526939693049317
0.3574468085106382,1.7127659574468084,0.5261275688407149
0.3574468085106382,1.7652482269503544,0.5253640370595033
0.3574468085106382,1.8177304964539005,0.5246447933507093
0.3574468085106382,1.8702127659574466,0.5239660316976886
0.3574468085106382,1.9226950354609926,0.5233243743690218
0.3574468085106382,1.9751773049645391,0.5227168132199913
0.3574468085106382,2.027659574468085,0.5221406603100893
0.3574468085106382,2.080141843971631,0.5215935061897743
0.3574468085106382,2.132624113475177,0.5210731845235239
0.3574468085106382,2.185106382978723,0.5205777419675351
0.3574468085106382,2.2375886524822692,0.5201054124217535
0.3574468085106382,2.2900709219858153,0.5196545949374693
0.3574468085106382,2.342553191489362,0.5192238346915974
0.3574468085106382,2.395035460992908,0.5188118065434533
0.3574468085106382,2.447517730496454,0.5184173007744703
0.3574468085106382,2.5,0.518039210679918
0.38723404255319144,0.03333333333333333,0.642726286399058
0.38723404255319144,0.08581560283687943,0.642632253963215
0.38723404255319144,0.13829787234042554,0.6410051469204194
0.38723404255319144,0.19078014184397163,0.6360867507212722
0.38723404255319144,0.24326241134751772,0.6284133635245283
0.38723404255319144,0.2957446808510638,0.6194009639579914
0.38723404255319144,0.34822695035461,0.6101305058321193
0.38723404255319144,0.4007092198581561,0.6012085035491526
0.38723404255319144,0.45319148936170217,0.5929277255675974
0.38723404255319144,0.5056737588652482,0.5854050793841409
0.38723404255319144,0.5581560283687944,0.5786612745279266
0.38723404255319144,0.6106382978723405,0.5726644711651103
0.38723404255319144,0.6631205673758865,0.567355545472536
0.38723404255319144,0.7156028368794326,0.5626635599434578
0.38723404255319144,0.7680851063829789,0.5585152900850517
0.38723404255319144,0.820567375886525,0.5548407966576883
0.38723404255319144,0.873049645390071,0.5515763286172081
0.38723404255319144,0.9255319148936171,0.5486654920180059
0.38723404255319144,0.9780141843971631,0.5460593666029117
0.38723404255319144,1.0304964539007093,0.5437160430148038
0.38723404255319144,1.0829787234042554,0.5415998883652479
0.38723404255319144,1.1354609929078014,0.5396807268240048
0.38723404255319144,1.1879432624113477,0.53793303943976
0.38723404255319144,1.2404255319148938,0.5363352348226866
0.38723404255319144,1.2929078014184399,0.5348690108406928
0.38723404255319144,1.3453900709219857,0.5335188099085147
0.38723404255319144,1.3978723404255318,0.5322713615290247
0.38723404255319144,1.4503546099290778,0.531115301928863
0.38723404255319144,1.5028368794326241,0.5300408596498115
0.38723404255319144,1.5553191489361702,0.5290395964340487
0.38723404255319144,1.6078014184397162,0.5281041938731652
0.38723404255319144,1.6602836879432623,0.5272282776336148
0.38723404255319144,1.7127659574468084,0.5264062723953975
0.38723404255319144,1.7652482269503544,0.5256332818398601
0.38723404255319144,1.8177304964539005,0.5249049890580998
0.38723404255319144,1.8702127659574466,0.5242175736204794
0.38723404255319144,1.9226950354609926,0.5235676422637907
0.38723404255319144,1.9751773049645391,0.5229521707356914
0.38723404255319144,2.027659574468085,0.5223684548073771
0.38723404255319144,2.080141843971631,0.5218140688447669
0.38723404255319144,2.132624113475177,0.5212868306330599
0.38723404255319144,2.185106382978723,0.5207847713939009
0.38723404255319144,2.2375886524822692,0.5203061101305675
0.38723404255319144,2.2900709219858153,0.5198492315942648
0.38723404255319144,2.342553191489362,0.51941266729159
0.38723404255319144,2.395035460992908,0.5189950790557352
0.38723404255319144,2.447517730496454,0.5185952447869683
0.38723404255319144,2.5,0.5182120460353105
0.4170212765957446,0.03333333333333333,0.6427262848972496
0.4170212765957446,0.08581560283687943,0.6426052347355767
0.4170212765957446,0.13829787234042554,0.6408218236739615
0.4170212765957446,0.19078014184397163,0.6357659019661123
0.4170212765957446,0.24326241134751772,0.6280784296445445
0.4170212765957446,0.2957446808510638,0.61914831226712
0.4170212765957446,0.34822695035461,0.6100041553239562
0.4170212765957446,0.4007092198581561,0.6012152927949858
0.4170212765957446,0.45319148936170217,0.5930547573517773
0.4170212765957446,0.5056737588652482,0.5856314474047135
0.4170212765957446,0.5581560283687944,0.578964676275107
0.4170212765957446,0.6106382978723405,0.5730244638286992
0.4170212765957446,0.6631205673758865,0.5677548332006308
0.4170212765957446,0.7156028368794326,0.5630882229978734
0.4170212765957446,0.7680851063829789,0.5589545074624883
0.4170212765957446,0.820567375886525,0.5552863745497758
0.4170212765957446,0.873049645390071,0.5520221978108754
0.4170212765957446,0.9255319148936171,0.5491072497088645
0.4170212765957446,0.9780141843971631,0.5464938900296057
0.4170212765957446,1.0304964539007093,0.5441411781070177
0.4170212765957446,1.0829787234042554,0.5420142058788231
0.4170212765957446,1.1354609929078014,0.5400833348455869
0.4170212765957446,1.1879432624113477,0.5383234410011523
0.4170212765957446,1.2404255319148938,0.5367132206710366
0.4170212765957446,1.2929078014184399,0.5352345791480462
0.4170212765957446,1.3453900709219857,0.5338721064015692
0.4170212765957446,1.3978723404255318,0.5326126349910805
0.4170212765957446,1.4503546099290778,0.5314448712248353
0.4170212765957446,1.5028368794326241,0.5303590893676909
0.4170212765957446,1.5553191489361702,0.529346878960945
0.4170212765957446,1.6078014184397162,0.5284009362736564
0.4170212765957446,1.6602836879432623,0.5275148921112628
0.4170212765957446,1.7127659574468084,0.5266831694272509
0.4170212765957446,1.7652482269503544,0.5259008653041614
0.4170212765957446,1.8177304964539005,0.5251636528470394
0.4170212765957446,1.8702127659574466,0.5244676993576806
0.4170212765957446,1.9226950354609926,0.5238095978415303
0.4170212765957446,1.9751773049645391,0.5231863094580295
0.4170212765957446,2.027659574468085,0.5225951149786011
0.4170212765957446,2.080141843971631,0.5220335736824531
0.4170212765957446,2.132624113475177,0.5214994884150188
0.4170212765957446,2.185106382978723,0.5209908757708234
0.4170212765957446,2.2375886524822692,0.5205059405531924
0.4170212765957446,2.2900709219858153,0.5200430538167338
0.4170212765957446,2.342553191489362,0.5196007339223724
0.4170212765957446,2.395035460992908,0.5191776301348652
0.4170212765957446,2.447517730496454,0.5187725083739195
0.4170212765957446,2.5,0.5183842387960566
0.4468085106382978,0.03333333333333333,0.6427262812077504
0.4468085106382978,0.08581560283687943,0.6425639144129535
0.4468085106382978,0.13829787234042554,0.6405619028336327
0.4468085106382978,0.19078014184397163,0.6353203293395189
0.4468085106382978,0.24326241134751772,0.6276088182142274
0.4468085106382978,0.2957446808510638,0.6187738174823237
0.4468085106382978,0.34822695035461,0.6097761573663942
0.4468085106382978,0.4007092198581561,0.601140261421369
0.4468085106382978,0.45319148936170217,0.59311677570186
0.4468085106382978,0.5056737588652482,0.5858062235375102
0.4468085106382978,0.5581560283687944,0.5792269487097818
0.4468085106382978,0.6106382978723405,0.5733514229524893
0.4468085106382978,0.6631205673758865,0.5681273565930066
0.4468085106382978,0.7156028368794326,0.5634909997574157
0.4468085106382978,0.7680851063829789,0.5593756598185318
0.4468085106382978,0.820567375886525,0.5557169039762403
0.4468085106382978,0.873049645390071,0.5524554192934328
0.4468085106382978,0.9255319148936171,0.5495382863057094
0.4468085106382978,0.9780141843971631,0.5469192514293472
0.4468085106382978,1.0304964539007093,0.5445584232689253
0.4468085106382978,1.0829787234042554,0.5424216798441726
0.4468085106382978,1.1354609929078014,0.5404799668327922
0.4468085106382978,1.1879432624113477,0.5387085912275072
0.4468085106382978,1.2404255319148938,0.5370865649993745
0.4468085106382978,1.2929078014184399,0.5355960226492197
0.4468085106382978,1.3453900709219857,0.5342217188064995
0.4468085106382978,1.3978723404255318,0.5329506026121568
0.4468085106382978,1.4503546099290778,0.5317714612234792
0.4468085106382978,1.5028368794326241,0.5306746232589797
0.4468085106382978,1.5553191489361702,0.5296517130232503
0.4468085106382978,1.6078014184397162,0.5286954471191561
0.4468085106382978,1.6602836879432623,0.5277994661144886
0.4468085106382978,1.7127659574468084,0.5269581950385681
0.4468085106382978,1.7652482269503544,0.5261667275208454
0.4468085106382978,1.8177304964539005,0.5254207292976667
0.4468085106382978,1.8702127659574466,0.5247163575919312
0.4468085106382978,1.9226950354609926,0.5240501935192148
0.4468085106382978,1.9751773049645391,0.52341918520715
0.4468085106382978,2.027659574468085,0.522820599749144
0.4468085106382978,2.080141843971631,0.5222519824652898
0.4468085106382978,2.132624113475177,0.5217111222273884
0.4468085106382978,2.185106382978723,0.521196021834059
0.4468085106382978,2.2375886524822692,0.5207048726066276
0.4468085106382978,2.2900709219858153,0.5202360325255555
0.4468085106382978,2.342553191489362,0.5197880073476785
0.4468085106382978,2.395035460992908,0.5193594342421477
0.4468085106382978,2.447517730496454,0.518949067562254
0.4468085106382978,2.5,0.5185557664348899
0.47659574468085103,0.03333333333333333,0.6427262721829522
0.47659574468085103,0.08581560283687943,0.6425033085446622
0.47659574468085103,0.13829787234042554,0.6402146456333546
0.47659574468085103,0.19078014184397163,0.6347430986150139
0.47659574468085103,0.24326241134751772,0.6270025138371407
0.47659574468085103,0.2957446808510638,0.618278056831322
0.47659574468085103,0.34822695035461,0.6094478717688486
0.47659574468085103,0.4007092198581561,0.6009847091357295
0.47659574468085103,0.45319148936170217,0.5931147515108925
0.47659574468085103,0.5056737588652482,0.5859300305545441
0.47659574468085103,0.5581560283687944,0.579448430352389
0.47659574468085103,0.6106382978723405,0.5736454801937384
0.47659574468085103,0.6631205673758865,0.5684731072313584
0.47659574468085103,0.7156028368794326,0.5638717925521426
0.47659574468085103,0.7680851063829789,0.5597785964402267
0.47659574468085103,0.820567375886525,0.5561322059014816
0.47659574468085103,0.873049645390071,0.5528758020268366
0.47659574468085103,0.9255319148936171,0.5499584091966975
0.47659574468085103,0.9780141843971631,0.5473352630255293
0.47659574468085103,1.0304964539007093,0.5449675992828651
0.47659574468085103,1.0829787234042554,0.5428221415657715
0.47659574468085103,1.1354609929078014,0.540870465443986
0.47659574468085103,1.1879432624113477,0.5390883442533871
0.47659574468085103,1.2404255319148938,0.5374551331111003
0.47659574468085103,1.2929078014184399,0.5359532172628089
0.47659574468085103,1.3453900709219857,0.5345675329758234
0.47659574468085103,1.3978723404255318,0.5332851594453
0.47659574468085103,1.4503546099290778,0.5320949754397987
0.47659574468085103,1.5028368794326241,0.5309873725850689
0.47659574468085103,1.5553191489361702,0.5299540169521118
0.47659574468085103,1.6078014184397162,0.5289876511809352
0.47659574468085103,1.6602836879432623,0.5280819302751243
0.47659574468085103,1.7127659574468084,0.5272312851922278
0.47659574468085103,1.7652482269503544,0.5264308093025146
0.47659574468085103,1.8177304964539005,0.5256761636362974
0.47659574468085103,1.8702127659574466,0.5249634975691805
0.47659574468085103,1.9226950354609926,0.5242893822067286
0.47659574468085103,1.9751773049645391,0.5236507542360412
0.47659574468085103,2.027659574468085,0.523044868425771
0.47659574468085103,2.080141843971631,0.5224692572928554
0.47659574468085103,2.132624113475177,0.5219216967270667
0.47659574468085103,2.185106382978723,0.5214001765851682
0.47659574468085103,2.2375886524822692,0.5209028754448947
0.47659574468085103,2.2900709219858153,0.5204281388533294
0.47659574468085103,2.342553191489362,0.5199744605212024
0.47659574468085103,2.395035460992908,0.5195404660095765
0.47659574468085103,2.447517730496454,0.519124898532634
0.47659574468085103,2.5,0.5187266065633127
0.5063829787234042,0.03333333333333333,0.6427262501235655
0.5063829787234042,0.08581560283687943,0.6424161300364406
0.5063829787234042,0.13829787234042554,0.6397659973080307
0.5063829787234042,0.19078014184397163,0.634025613142652
0.5063829787234042,0.24326241134751772,0.6262570980805148
0.5063829787234042,0.2957446808510638,0.6176617214401541
0.5063829787234042,0.34822695035461,0.6090209048911549
0.5063829787234042,0.4007092198581561,0.6007501734925951
0.5063829787234042,0.45319148936170217,0.5930498478383939
0.5063829787234042,0.5056737588652482,0.5860036369505257
0.5063829787234042,0.5581560283687944,0.5796295677959513
0.5063829787234042,0.6106382978723405,0.5739068470356222
0.5063829787234042,0.6631205673758865,0.5687921359227134
0.5063829787234042,0.7156028368794326,0.5642305480204488
0.5063829787234042,0.7680851063829789,0.5601632000921185
0.5063829787234042,0.820567375886525,0.5565321268458994
0.5063829787234042,0.873049645390071,0.5532831746817347
0.5063829787234042,0.9255319148936171,0.5503674411197603
0.5063829787234042,0.9780141843971631,0.5477417491097784
0.5063829787234042,1.0304964539007093,0.5453685365051527
0.5063829787234042,1.0829787234042554,0.5432154300086415
0.5063829787234042,1.1354609929078014,0.5412546795171724
0.5063829787234042,1.1879432624113477,0.5394625592370864
0.5063829787234042,1.2404255319148938,0.5378187944237651
0.5063829787234042,1.2929078014184399,0.5363060423002313
0.5063829787234042,1.3453900709219857,0.5349094375785745
0.5063829787234042,1.3978723404255318,0.5336162028963441
0.5063829787234042,1.4503546099290778,0.5324153193659036
0.5063829787234042,1.5028368794326241,0.5312972502781184
0.5063829787234042,1.5553191489361702,0.5302537104980994
0.5063829787234042,1.6078014184397162,0.5292774744422419
0.5063829787234042,1.6602836879432623,0.5283622162647962
0.5063829787234042,1.7127659574468084,0.5275023767472209
0.5063829787234042,1.7652482269503544,0.5266930522373697
0.5063829787234042,1.8177304964539005,0.52592990176327
0.5063829787234042,1.8702127659574466,0.5252090691233898
0.5063829787234042,1.9226950354609926,0.5245271173288161
0.5063829787234042,1.9751773049645391,0.5238809732500712
0.5063829787234042,2.027659574468085,0.5232678807140486
0.5063829787234042,2.080141843971631,0.522685360617407
0.5063829787234042,2.132624113475177,0.522131176883781
0.5063829787234042,2.185106382978723,0.5216033073039915
0.5063829787234042,2.2375886524822692,0.5210999184702427
0.5063829787234042,2.2900709219858153,0.5206193441546553
0.5063829787234042,2.342553191489362,0.5201600665956811
0.5063829787234042,2.395035460992908,0.5197207002480343
0.5063829787234042,2.447517730496454,0.5192999776268677
0.5063829787234042,2.5,0.5188967369383132
0.5361702127659574,0.03333333333333333,0.6427261962101797
0.5361702127659574,0.08581560283687943,0.6422919462596268
0.5361702127659574,0.13829787234042554,0.63919829147852
0.5361702127659574,0.19078014184397163,0.6331577965562156
0.5361702127659574,0.24326241134751772,0.6253699215783737
0.5361702127659574,0.2957446808510638,0.6169256939333188
0.5361702127659574,0.34822695035461,0.6084971313587204
0.5361702127659574,0.4007092198581561,0.6004384296908973
0.5361702127659574,0.45319148936170217,0.5929234138244576
0.5361702127659574,0.5056737588652482,0.5860279507760126
0.5361702127659574,0.5581560283687944,0.579770910985805
0.5361702127659574,0.6106382978723405,0.5741358115659566
0.5361702127659574,0.6631205673758865,0.5690845506440857
0.5361702127659574,0.7156028368794326,0.5645672558666597
0.5361702127659574,0.7680851063829789,0.5605293863093569
0.5361702127659574,0.820567375886525,0.5569165385190139
0.5361702127659574,0.873049645390071,0.5536773854800251
0.5361702127659574,0.9255319148936171,0.55076522013006
0.5361702127659574,0.9780141843971631,0.5481385460807312
0.5361702127659574,1.0304964539007093,0.5457610749428332
0.5361702127659574,1.0829787234042554,0.5436013918927154
0.5361702127659574,1.1354609929078014,0.5416324641698358
0.5361702127659574,1.1879432624113477,0.5398311004589608
0.5361702127659574,1.2404255319148938,0.5381774225620933
0.5361702127659574,1.2929078014184399,0.5366543805515964
0.5361702127659574,1.3453900709219857,0.5352473241783389
0.5361702127659574,1.3978723404255318,0.5339436327941153
0.5361702127659574,1.4503546099290778,0.5327324005337468
0.5361702127659574,1.5028368794326241,0.5316041709968858
0.5361702127659574,1.5553191489361702,0.5305507148807653
0.5361702127659574,1.6078014184397162,0.529564844142233
0.5361702127659574,1.6602836879432623,0.5286402568338514
0.5361702127659574,1.7127659574468084,0.5277714074931465
0.5361702127659574,1.7652482269503544,0.5269533987197993
0.5361702127659574,1.8177304964539005,0.5261818902800978
0.5361702127659574,1.8702127659574466,0.5254530227006626
0.5361702127659574,1.9226950354609926,0.524763352846553
0.5361702127659574,1.9751773049645391,0.5241097994261243
0.5361702127659574,2.027659574468085,0.5234895967354254
0.5361702127659574,2.080141843971631,0.5229002552591525
0.5361702127659574,2.132624113475177,0.5223395279937673
0.5361702127659574,2.185106382978723,0.5218053815609236
0.5361702127659574,2.2375886524822692,0.5212959713441776
0.5361702127659574,2.2900709219858153,0.5208096200160632
0.5361702127659574,2.342553191489362,0.5203447989318494
0.5361702127659574,2.395035460992908,0.5199001119553823
0.5361702127659574,2.447517730496454,0.51947428135523
0.5361702127659574,2.5,0.519066135468997
0.5659574468085106,0.03333333333333333,0.6427260644480832
0.5659574468085106,0.08581560283687943,0.642115996794139
0.5659574468085106,0.13829787234042554,0.6384899612408057
0.5659574468085106,0.19078014184397163,0.6321283529428572
0.5659574468085106,0.24326241134751772,0.6243383128554345
0.5659574468085106,0.2957446808510638,0.6160711381033876
0.5659574468085106,0.34822695035461,0.6078787189350364
0.5659574468085106,0.4007092198581561,0.6000514907847975
0.5659574468085106,0.45319148936170217,0.592736978292051
0.5659574468085106,0.5056737588652482,0.5860040130481269
0.5659574468085106,0.5581560283687944,0.5798731081328518
0.5659574468085106,0.6106382978723405,0.5743327349738058
0.5659574468085106,0.6631205673758865,0.5693505142792985
0.5659574468085106,0.7156028368794326,0.5648819474678795
0.5659574468085106,0.7680851063829789,0.5608771025817609
0.5659574468085106,0.820567375886525,0.5572853373734372
0.5659574468085106,0.873049645390071,0.5540583019795893
0.5659574468085106,0.9255319148936171,0.5511515995248673
0.5659574468085106,0.9780141843971631,0.5485255024512001
0.5659574468085106,1.0304964539007093,0.5461450643067691
0.5659574468085106,1.0829787234042554,0.5439798817693422
0.5659574468085106,1.1354609929078014,0.5420036808851887
0.5659574468085106,1.1879432624113477,0.540193837409333
0.5659574468085106,1.2404255319148938,0.5385308954429527
0.5659574468085106,1.2929078014184399,0.536998118365308
0.5659574468085106,1.3453900709219857,0.535581087306381
0.5659574468085106,1.3978723404255318,0.5342673514567557
0.5659574468085106,1.4503546099290778,0.5330461285747821
0.5659574468085106,1.5028368794326241,0.5319080511800974
0.5659574468085106,1.5553191489361702,0.530844952836223
0.5659574468085106,1.6078014184397162,0.5298496888183074
0.5659574468085106,1.6602836879432623,0.5289159858489847
0.5659574468085106,1.7127659574468084,0.5280383161836468
0.5659574468085106,1.7652482269503544,0.5272117919800962
0.5659574468085106,1.8177304964539005,0.5264320765158984
0.5659574468085106,1.8702127659574466,0.5256953093827733
0.5659574468085106,1.9226950354609926,0.5249980432783201
0.5659574468085106,1.9751773049645391,0.5243371904313191
0.5659574468085106,2.027659574468085,0.5237099770439636
0.5659574468085106,2.080141843971631,0.52311390442123
0.5659574468085106,2.132624113475177,0.5225467156932002
0.5659574468085106,2.185106382978723,0.5220063672289731
0.5659574468085106,2.2375886524822692,0.5214910039983115
0.5659574468085106,2.2900709219858153,0.5209989382657889
0.5659574468085106,2.342553191489362,0.5205286311072627
0.5659574468085106,2.395035460992908,0.5200786763244353
0.5659574468085106,2.447517730496454,0.5196477864036823
0.5659574468085106,2.5,0.5192347802231383
0.5957446808510638,0.03333333333333333,0.6427257424289096
0.5957446808510638,0.08581560283687943,0.6418675702072041
0.5957446808510638,0.13829787234042554,0.6376153157650389
0.5957446808510638,0.19078014184397163,0.630925124516992
0.5957446808510638,0.24326241134751772,0.6231598224586872
0.5957446808510638,0.2957446808510638,0.6150995976184351
0.5957446808510638,0.34822695035461,0.6071681550328086
0.5957446808510638,0.4007092198581561,0.5995916077647616
0.5957446808510638,0.45319148936170217,0.5924922428968591
0.5957446808510638,0.5056737588652482,0.5859329907313178
0.5957446808510638,0.5581560283687944,0.5799369002855135
0.5957446808510638,0.6106382978723405,0.5744980477902667
0.5957446808510638,0.6631205673758865,0.5695902421679565
0.5957446808510638,0.7156028368794326,0.5651746943436703
0.5957446808510638,0.7680851063829789,0.5612063274375823
0.5957446808510638,0.820567375886525,0.557638444085154
0.5957446808510638,0.873049645390071,0.554425810804542
0.5957446808510638,0.9255319148936171,0.5515264477278708
0.5957446808510638,0.9780141843971631,0.5489024788249096
0.5957446808510638,1.0304964539007093,0.5465203640417343
0.5957446808510638,1.0829787234042554,0.5443507620802873
0.5957446808510638,1.1354609929078014,0.5423681975850059
0.5957446808510638,1.1879432624113477,0.5405506448660458
0.5957446808510638,1.2404255319148938,0.5388790953522774
0.5957446808510638,1.2929078014184399,0.5373371457213745
0.5957446808510638,1.3453900709219857,0.5359106245298154
0.5957446808510638,1.3978723404255318,0.534587263754127
0.5957446808510638,1.4503546099290778,0.5333564152764968
0.5957446808510638,1.5028368794326241,0.5322088090973129
0.5957446808510638,1.5553191489361702,0.5311363486627106
0.5957446808510638,1.6078014184397162,0.5301319383468036
0.5957446808510638,1.6602836879432623,0.529189338329531
0.5957446808510638,1.7127659574468084,0.5283030425687492
0.5957446808510638,1.7652482269503544,0.5274681761132766
0.5957446808510638,1.8177304964539005,0.5266804085530825
0.5957446808510638,1.8702127659574466,0.5259358809100815
0.5957446808510638,1.9226950354609926,0.5252311437202607
0.5957446808510638,1.9751773049645391,0.5245631044412968
0.5957446808510638,2.027659574468085,0.5239289826427087
0.5957446808510638,2.080141843971631,0.5233262717043784
0.5957446808510638,2.132624113475177,0.5227527059713634
0.5957446808510638,2.185106382978723,0.5222062324956037
0.5957446808510638,2.2375886524822692,0.5216849866450242
0.5957446808510638,2.2900709219858153,0.5211872709833882
0.5957446808510638,2.342553191489362,0.5207115369249806
0.5957446808510638,2.395035460992908,0.5202563687508176
0.5957446808510638,2.447517730496454,0.519820469640991
0.5957446808510638,2.5,0.5194026494336361
0.6255319148936169,0.03333333333333333,0.6427249554378
0.6255319148936169,0.08581560283687943,0.6415178248285723
0.6255319148936169,0.13829787234042554,0.6365444685271886
0.6255319148936169,0.19078014184397163,0.6295355666099316
0.6255319148936169,0.24326241134751772,0.6218324990081043
0.6255319148936169,0.2957446808510638,0.6140131000634642
0.6255319148936169,0.34822695035461,0.6063682731715628
0.6255319148936169,0.4007092198581561,0.5990612689210784
0.6255319148936169,0.45319148936170217,0.5921910746713477
0.6255319148936169,0.5056737588652482,0.5858161692768092
0.6255319148936169,0.5581560283687944,0.5799631155845945
0.6255319148936169,0.6106382978723405,0.5746322458997385
0.6255319148936169,0.6631205673758865,0.5698039994868563
0.6255319148936169,0.7156028368794326,0.565445606502493
0.6255319148936169,0.7680851063829789,0.5615170694360287
0.6255319148936169,0.820567375886525,0.5579758029658282
0.6255319148936169,0.873049645390071,0.5547798173245275
0.6255319148936169,0.9255319148936171,0.5518896481350618
0.6255319148936169,0.9780141843971631,0.5492693478440793
0.6255319148936169,1.0304964539007093,0.5468868433342595
0.6255319148936169,1.0829787234042554,0.5447139031996553
0.6255319148936169,1.1354609929078014,0.5427258886892654
0.6255319148936169,1.1879432624113477,0.5409014029617618
0.6255319148936169,1.2404255319148938,0.5392219090139811
0.6255319148936169,1.2929078014184399,0.5376713562984197
0.6255319148936169,1.3453900709219857,0.5362358365147987
0.6255319148936169,1.3978723404255318,0.5349032771662527
0.6255319148936169,1.4503546099290778,0.5336631746357773
0.6255319148936169,1.5028368794326241,0.5325063648972429
0.6255319148936169,1.5553191489361702,0.5314248282640915
0.6255319148936169,1.6078014184397162,0.5304115239820234
0.6255319148936169,1.6602836879432623,0.5294602504823946
0.6255319148936169,1.7127659574468084,0.5285655274260878
0.6255319148936169,1.7652482269503544,0.5277224961069744
0.6255319148936169,1.8177304964539005,0.5269268352522762
0.6255319148936169,1.8702127659574466,0.526174689703809
0.6255319148936169,1.9226950354609926,0.5254626098662092
0.6255319148936169,1.9751773049645391,0.5247875001580647
0.6255319148936169,2.027659574468085,0.5241465749996829
0.6255319148936169,2.080141843971631,0.5235373211212936
0.6255319148936169,2.132624113475177,0.5229574651835501
0.6255319148936169,2.185106382978723,0.5224049458743452
0.6255319148936169,2.2375886524822692,0.5218778897879282
0.6255319148936169,2.2900709219858153,0.5213745905091838
0.6255319148936169,2.342553191489362,0.5208934904221071
0.6255319148936169,2.395035460992908,0.5204331648406947
0.6255319148936169,2.447517730496454,0.5199923081257377
0.6255319148936169,2.5,0.5195697215048818
0.6553191489361702,0.03333333333333333,0.6427230321210596
0.6553191489361702,0.08581560283687943,0.6410269475212267
0.6553191489361702,0.13829787234042554,0.6352435366893961
0.6553191489361702,0.19078014184397163,0.6279473564613899
0.6553191489361702,0.24326241134751772,0.6203551911183467
0.6553191489361702,0.2957446808510638,0.6128142619373076
0.6553191489361702,0.34822695035461,0.6054822775650489
0.6553191489361702,0.4007092198581561,0.5984631978823847
0.6553191489361702,0.45319148936170217,0.5918354978064122
0.6553191489361702,0.5056737588652482,0.5856549447085326
0.6553191489361702,0.5581560283687944,0.5799526632250573
0.6553191489361702,0.6106382978723405,0.57473588634808
0.6553191489361702,0.6631205673758865,0.5699920984843583
0.6553191489361702,0.7156028368794326,0.5656948306791012
0.6553191489361702,0.7680851063829789,0.5618093660778444
0.6553191489361702,0.820567375886525,0.5582973813130464
0.6553191489361702,0.873049645390071,0.5551202452867524
0.6553191489361702,0.9255319148936171,0.5522410989244607
0.6553191489361702,0.9780141843971631,0.5496259941092315
0.6553191489361702,1.0304964539007093,0.5472443810990444
0.6553191489361702,1.0829787234042554,0.5450691834591965
0.6553191489361702,1.1354609929078014,0.5430766351628529
0.6553191489361702,1.1879432624113477,0.5412459972411439
0.6553191489361702,1.2404255319148938,0.5395592276509095
0.6553191489361702,1.2929078014184399,0.5380006475344032
0.6553191489361702,1.3453900709219857,0.5365566270847244
0.6553191489361702,1.3978723404255318,0.5352153018377711
0.6553191489361702,1.4503546099290778,0.5339663229090734
0.6553191489361702,1.5028368794326241,0.5328006406534868
0.6553191489361702,1.5553191489361702,0.531710319191268
0.6553191489361702,1.6078014184397162,0.5306883783935539
0.6553191489361702,1.6602836879432623,0.5297286597355823
0.6553191489361702,1.7127659574468084,0.528825712590981
0.6553191489361702,1.7652482269503544,0.5279746978683902
0.6553191489361702,1.8177304964539005,0.5271713062764596
0.6553191489361702,1.8702127659574466,0.5264116888876639
0.6553191489361702,1.9226950354609926,0.5256923980270715
0.6553191489361702,1.9751773049645391,0.5250103368273787
0.6553191489361702,2.027659574468085,0.5243627160634924
0.6553191489361702,2.080141843971631,0.5237470171106555
0.6553191489361702,2.132624113475177,0.523160960063688
0.6553191489361702,2.185106382978723,0.522602476216168
0.6553191489361702,2.2375886524822692,0.5220696842321326
0.6553191489361702,2.2900709219858153,0.5215608694535383
0.6553191489361702,2.342553191489362,0.5210744658781811
0.6553191489361702,2.395035460992908,0.520609040418376
0.6553191489361702,2.447517730496454,0.520163279113218
0.6553191489361702,2.5,0.5197359750190275
0.6851063829787233,0.03333333333333333,0.642718331940791
0.6851063829787233,0.08581560283687943,0.6403406070703027
0.6851063829787233,0.13829787234042554,0.633675267120407
0.6851063829787233,0.19078014184397163,0.6261491447013692
0.6851063829787233,0.24326241134751772,0.6187278658819133
0.6851063829787233,0.2957446808510638,0.6115063896058496
0.6851063829787233,0.34822695035461,0.6045137639588393
0.6851063829787233,0.4007092198581561,0.5978003497291399
0.6851063829787233,0.45319148936170217,0.5914276845203195
0.6851063829787233,0.5056737588652482,0.5854508152455437
0.6851063829787233,0.5581560283687944,0.5799065271492951
0.6851063829787233,0.6106382978723405,0.5748095829742509
0.6851063829787233,0.6631205673758865,0.57015489558839
0.6851063829787233,0.7156028368794326,0.5659225484772435
0.6851063829787233,0.7680851063829789,0.5620832826434035
0.6851063829787233,0.820567375886525,0.558603168704559
0.6851063829787233,0.873049645390071,0.5554470364045736
0.6851063829787233,0.9255319148936171,0.5525807128320613
0.6851063829787233,0.9780141843971631,0.5499723140726722
0.6851063829787233,1.0304964539007093,0.5475928659448122
0.6851063829787233,1.0829787234042554,0.5454164891575207
0.6851063829787233,1.1354609929078014,0.5434203245496244
0.6851063829787233,1.1879432624113477,0.5415843187080704
0.6851063829787233,1.2404255319148938,0.5398909470379086
0.6851063829787233,1.2929078014184399,0.5383249206810786
0.6851063829787233,1.3453900709219857,0.5368729032734193
0.6851063829787233,1.3978723404255318,0.5355232506283807
0.6851063829787233,1.4503546099290778,0.5342657786593361
0.6851063829787233,1.5028368794326241,0.533091560407659
0.6851063829787233,1.5553191489361702,0.5319927506814695
0.6851063829787233,1.6078014184397162,0.5309624357018564
0.6851063829787233,1.6602836879432623,0.5299945047703182
0.6851063829787233,1.7127659574468084,0.529083540985337
0.6851063829787233,1.7652482269503544,0.5282247282502733
0.6851063829787233,1.8177304964539005,0.5274137721143018
0.6851063829787233,1.8702127659574466,0.526646832308795
0.6851063829787233,1.9226950354609926,0.5259204651496447
0.6851063829787233,1.9751773049645391,0.5252315742556561
0.6851063829787233,2.027659574468085,0.5245773682785375
0.6851063829787233,2.080141843971631,0.5239553245508201
0.6851063829787233,2.132624113475177,0.5233631577366756
0.6851063829787233,2.185106382978723,0.522798792720614
0.6851063829787233,2.2375886524822692,0.5222603410942973
0.6851063829787233,2.2900709219858153,0.5217460807059492
0.6851063829787233,2.342553191489362,0.5212544378234133
0.6851063829787233,2.395035460992908,0.5207839715337852
0.6851063829787233,2.447517730496454,0.5203333600622259
0.6851063829787233,2.5,0.5199013887421561
0.7148936170212764,0.03333333333333333,0.6427068468085109
0.7148936170212764,0.08581560283687943,0.6393858319560257
0.7148936170212764,0.13829787234042554,0.6318002748204614
0.7148936170212764,0.19078014184397163,0.6241314454678942
0.7148936170212764,0.24326241134751772,0.6169519309443096
0.7148936170212764,0.2957446808510638,0.6100935707178982
0.7148936170212764,0.34822695035461,0.6034667348497629
0.7148936170212764,0.4007092198581561,0.5970759046175989
0.7148936170212764,0.45319148936170217,0.5909699448805915
0.7148936170212764,0.5056737588652482,0.5852053724561032
0.7148936170212764,0.5581560283687944,0.5798257594978518
0.7148936170212764,0.6106382978723405,0.5748540018923299
0.7148936170212764,0.6631205673758865,0.5702927884088407
0.7148936170212764,0.7156028368794326,0.5661289744321084
0.7148936170212764,0.7680851063829789,0.5623389109678767
0.7148936170212764,0.820567375886525,0.5588931762426768
0.7148936170212764,0.873049645390071,0.5557601499065403
0.7148936170212764,0.9255319148936171,0.552908416896435
0.7148936170212764,0.9780141843971631,0.5503082159071669
0.7148936170212764,1.0304964539007093,0.5479321961205394
0.7148936170212764,1.0829787234042554,0.5457557145537754
0.7148936170212764,1.1354609929078014,0.543756850994158
0.7148936170212764,1.1879432624113477,0.5419162638630718
0.7148936170212764,1.2404255319148938,0.5402169675471071
0.7148936170212764,1.2929078014184399,0.5386440808522268
0.7148936170212764,1.3453900709219857,0.537184575373351
0.7148936170212764,1.3978723404255318,0.5358270391592722
0.7148936170212764,1.4503546099290778,0.5345614627997104
0.7148936170212764,1.5028368794326241,0.533379050209883
0.7148936170212764,1.5553191489361702,0.5322720536953971
0.7148936170212764,1.6078014184397162,0.5312336315120995
0.7148936170212764,1.6602836879432623,0.530257725551714
0.7148936170212764,1.7127659574468084,0.5293389566453709
0.7148936170212764,1.7652482269503544,0.5284725350759153
0.7148936170212764,1.8177304964539005,0.5276541841026745
0.7148936170212764,1.8702127659574466,0.5268800745580589
0.7148936170212764,1.9226950354609926,0.5261467688348624
0.7148936170212764,1.9751773049645391,0.5254511728264036
0.7148936170212764,2.027659574468085,0.5247904945998125
0.7148936170212764,2.080141843971631,0.5241622087731622
0.7148936170212764,2.132624113475177,0.5235640257304258
0.7148936170212764,2.185106382978723,0.5229938649466769
0.7148936170212764,2.2375886524822692,0.5224498318124724
0.7148936170212764,2.2900709219858153,0.5219301974439579
0.7148936170212764,2.342553191489362,0.5214333810467637
0.7148936170212764,2.395035460992908,0.5209579344697931
0.7148936170212764,2.447517730496454,0.5205025286417182
0.7148936170212764,2.5,0.5200659416303467
0.7446808510638298,0.03333333333333333,0.6426787889618009
0.7446808510638298,0.08581560283687943,0.6380668186839336
0.7446808510638298,0.13829787234042554,0.6295790889147895
0.7446808510638298,0.19078014184397163,0.6218876422379997
0.7446808510638298,0.24326241134751772,0.6150305434893824
0.7446808510638298,0.2957446808510638,0.6085807503040894
0.7446808510638298,0.34822695035461,0.602345607315266
0.7446808510638298,0.4007092198581561,0.5962932584139327
0.7446808510638298,0.45319148936170217,0.5904647154695233
0.7446808510638298,0.5056737588652482,0.5849202919465604
0.7446808510638298,0.5581560283687944,0.5797114738456384
0.7446808510638298,0.6106382978723405,0.5748698568512095
0.7446808510638298,0.6631205673758865,0.5704062126551248
0.7446808510638298,0.7156028368794326,0.5663143540069303
0.7446808510638298,0.7680851063829789,0.5625763681630407
0.7446808510638298,0.820567375886525,0.5591674357550328
0.7446808510638298,0.873049645390071,0.5560595620498626
0.7446808510638298,0.9255319148936171,0.5532241521745048
0.7446808510638298,0.9780141843971631,0.5506336193513826
0.7446808510638298,1.0304964539007093,0.5482622794430333
0.7446808510638298,1.0829787234042554,0.546086761846384
0.7446808510638298,1.1354609929078014,0.5440861152515474
0.7446808510638298,1.1879432624113477,0.5422417347311931
0.7446808510638298,1.2404255319148938,0.5405371941855192
0.7446808510638298,1.2929078014184399,0.5389580370657215
0.7446808510638298,1.3453900709219857,0.5374915569788636
0.7446808510638298,1.3978723404255318,0.5361265858555389
0.7446808510638298,1.4503546099290778,0.5348532986339678
0.7446808510638298,1.5028368794326241,0.5336630381566299
0.7446808510638298,1.5553191489361702,0.532548160952199
0.7446808510638298,1.6078014184397162,0.5315019029462132
0.7446808510638298,1.6602836879432623,0.5305182633579748
0.7446808510638298,1.7127659574468084,0.5295919047481072
0.7446808510638298,1.7652482269503544,0.5287180671631398
0.7446808510638298,1.8177304964539005,0.5278924944483282
0.7446808510638298,1.8702127659574466,0.5271113709895876
0.7446808510638298,1.9226950354609926,0.5263712673554511
0.7446808510638298,1.9751773049645391,0.5256690935161503
0.7446808510638298,2.027659574468085,0.5250020585072878
0.7446808510638298,2.080141843971631,0.5243676355750675
0.7446808510638298,2.132624113475177,0.5237635319876064
0.7446808510638298,2.185106382978723,0.5231876628234218
0.7446808510638298,2.2375886524822692,0.5226381281557171
0.7446808510638298,2.2900709219858153,0.5221131931418693
0.7446808510638298,2.342553191489362,0.5216112706038559
0.7446808510638298,2.395035460992908,0.5211309057494083
0.7446808510638298,2.447517730496454,0.5206707627373579
0.7446808510638298,2.5,0.5202296128356343
0.7744680851063829,0.03333333333333333,0.642610284206373
0.7744680851063829,0.08581560283687943,0.6362618814413855
0.7744680851063829,0.13829787234042554,0.6269751668451503
0.7744680851063829,0.19078014184397163,0.6194150621064528
0.7744680851063829,0.24326241134751772,0.6129688861782248
0.7744680851063829,0.2957446808510638,0.6069737857861023
0.7744680851063829,0.34822695035461,0.6011552118700385
0.7744680851063829,0.4007092198581561,0.5954560099296639
0.7744680851063829,0.45319148936170217,0.5899145468173189
0.7744680851063829,0.5056737588652482,0.5845973235985713
0.7744680851063829,0.5581560283687944,0.5795648382544241
0.7744680851063829,0.6106382978723405,0.5748579044997468
0.7744680851063829,0.6631205673758865,0.570495638989656
0.7744680851063829,0.7156028368794326,0.5664789615380964
0.7744680851063829,0.7680851063829789,0.5627957952952698
0.7744680851063829,0.820567375886525,0.5594259989579156
0.7744680851063829,0.873049645390071,0.5563452656022979
0.7744680851063829,0.9255319148936171,0.5535278734310388
0.7744680851063829,0.9780141843971631,0.5509484555337044
0.7744680851063829,1.0304964539007093,0.5485830332068673
0.7744680851063829,1.0829787234042554,0.5464095411374746
0.7744680851063829,1.1354609929078014,0.5444080246856229
0.7744680851063829,1.1879432624113477,0.5425606388805119
0.7744680851063829,1.2404255319148938,0.5408515366251043
0.7744680851063829,1.2929078014184399,0.5392667022794971
0.7744680851063829,1.3453900709219857,0.5377937650244766
0.7744680851063829,1.3978723404255318,0.5364218119845813
0.7744680851063829,1.4503546099290778,0.5351412118936776
0.7744680851063829,1.5028368794326241,0.5339434544258947
0.7744680851063829,1.5553191489361702,0.5328210069622621
0.7744680851063829,1.6078014184397162,0.531767188673148
0.7744680851063829,1.6602836879432623,0.5307760608081232
0.7744680851063829,1.7127659574468084,0.5298423316366578
0.7744680851063829,1.7652482269503544,0.5289612743472707
0.7744680851063829,1.8177304964539005,0.5281286562487161
0.7744680851063829,1.8702127659574466,0.5273406777396432
0.7744680851063829,1.9226950354609926,0.5265939196729874
0.7744680851063829,1.9751773049645391,0.5258852979098745
0.7744680851063829,2.027659574468085,0.5252120240198638
0.7744680851063829,2.080141843971631,0.5245715712325554
0.7744680851063829,2.132624113475177,0.5239616448770699
0.7744680851063829,2.185106382978723,0.5233801566603431
0.7744680851063829,2.2375886524822692,0.5228252022334904
0.7744680851063829,2.2900709219858153,0.522295041579277
0.7744680851063829,2.342553191489362,0.5217880818247219
0.7744680851063829,2.395035460992908,0.5213028621428231
0.7744680851063829,2.447517730496454,0.5208380404579296
0.7744680851063829,2.5,0.5203923817118598
0.8042553191489361,0.03333333333333333,0.6424432627897703
0.8042553191489361,0.08581560283687943,0.6338238901462423
0.8042553191489361,0.13829787234042554,0.6239589304450582
0.8042553191489361,0.19078014184397163,0.6167160434986357
0.8042553191489361,0.24326241134751772,0.6107743878531344
0.8042553191489361,0.2957446808510638,0.6052794754981389
0.8042553191489361,0.34822695035461,0.5999007810519307
0.8042553191489361,0.4007092198581561,0.594567944466075
0.8042553191489361,0.45319148936170217,0.589322089567091
0.8042553191489361,0.5056737588652482,0.5842382813805658
0.8042553191489361,0.5581560283687944,0.5793870681756004
0.8042553191489361,0.6106382978723405,0.5748189395856893
0.8042553191489361,0.6631205673758865,0.5705615698378659
0.8042553191489361,0.7156028368794326,0.5666230981429201
0.8042553191489361,0.7680851063829789,0.562997356029141
0.8042553191489361,0.820567375886525,0.559668936588346
0.8042553191489361,0.873049645390071,0.5566172692964453
0.8042553191489361,0.9255319148936171,0.5538195488044227
0.8042553191489361,0.9780141843971631,0.5512526667760703
0.8042553191489361,1.0304964539007093,0.5488943840777193
0.8042553191489361,1.0829787234042554,0.546723970383649
0.8042553191489361,1.1354609929078014,0.5447224932560077
0.8042553191489361,1.1879432624113477,0.5428728894315598
0.8042553191489361,1.2404255319148938,0.5411599092254266
0.8042553191489361,1.2929078014184399,0.5395699934214976
0.8042553191489361,1.3453900709219857,0.5380911198182834
0.8042553191489361,1.3978723404255318,0.5367126416905177
0.8042553191489361,1.4503546099290778,0.535425130772113
0.8042553191489361,1.5028368794326241,0.5342202313096973
0.8042553191489361,1.5553191489361702,0.5330905280578063
0.8042553191489361,1.6078014184397162,0.532029428937321
0.8042553191489361,1.6602836879432623,0.5310310618882235
0.8042553191489361,1.7127659574468084,0.5300901848442547
0.8042553191489361,1.7652482269503544,0.5292021075030633
0.8042553191489361,1.8177304964539005,0.5283626235119523
0.8042553191489361,1.8702127659574466,0.527567951744744
0.8042553191489361,1.9226950354609926,0.5268146854543431
0.8042553191489361,1.9751773049645391,0.5260997482159137
0.8042553191489361,2.027659574468085,0.5254203557088872
0.8042553191489361,2.080141843971631,0.524773982512535
0.8042553191489361,2.132624113475177,0.5241583332049682
0.8042553191489361,2.185106382978723,0.5235713171574491
0.8042553191489361,2.2375886524822692,0.5230110265048105
0.8042553191489361,2.2900709219858153,0.5224757168493869
0.8042553191489361,2.342553191489362,0.521963790321376
0.8042553191489361,2.395035460992908,0.5214737806743098
0.8042553191489361,2.447517730496454,0.5210043401416263
0.8042553191489361,2.5,0.5205542278204073
0.8340425531914892,0.03333333333333333,0.6420374500876379
0.8340425531914892,0.08581560283687943,0.630588019789611
0.8340425531914892,0.13829787234042554,0.6205126736007552
0.8340425531914892,0.19078014184397163,0.6137988952776435
0.8340425531914892,0.24326241134751772,0.6084568662794099
0.8340425531914892,0.2957446808510638,0.6035055561173788
0.8340425531914892,0.34822695035461,0.5985879268152798
0.8340425531914892,0.4007092198581561,0.5936330135126947
0.8340425531914892,0.45319148936170217,0.5886900793815782
0.8340425531914892,0.5056737588652482,0.5838450327732158
0.8340425531914892,0.5581560283687944,0.5791794192407929
0.8340425531914892,0.6106382978723405,0.5747537901172405
0.8340425531914892,0.6631205673758865,0.5706045361752313
0.8340425531914892,0.7156028368794326,0.5667470896040091
0.8340425531914892,0.7680851063829789,0.5631812352459165
0.8340425531914892,0.820567375886525,0.5598963375109801
0.8340425531914892,0.873049645390071,0.5568755972604145
0.8340425531914892,0.9255319148936171,0.5540991594512822
0.8340425531914892,0.9780141843971631,0.5515462063794736
0.8340425531914892,1.0304964539007093,0.549196267970166
0.8340425531914892,1.0829787234042554,0.5470299753337732
0.8340425531914892,1.1354609929078014,0.5450294414944322
0.8340425531914892,1.1879432624113477,0.54317840505791
0.8340425531914892,1.2404255319148938,0.5414622310490756
0.8340425531914892,1.2929078014184399,0.539867831413703
0.8340425531914892,1.3453900709219857,0.5383835450705077
0.8340425531914892,1.3978723404255318,0.5369990020246264
0.8340425531914892,1.4503546099290778,0.5357049859549032
0.8340425531914892,1.5028368794326241,0.5344933032439074
0.8340425531914892,1.5553191489361702,0.5333566624212743
0.8340425531914892,1.6078014184397162,0.5322885655852404
0.8340425531914892,1.6602836879432623,0.5312832119760954
0.8340425531914892,1.7127659574468084,0.5303354131170247
0.8340425531914892,1.7652482269503544,0.5294405185655888
0.8340425531914892,1.8177304964539005,0.528594351175892
0.8340425531914892,1.8702127659574466,0.527793150759056
0.8340425531914892,1.9226950354609926,0.5270335250875099
0.8340425531914892,1.9751773049645391,0.5263124072803513
0.8340425531914892,2.027659574468085,0.5256270187112211
0.8340425531914892,2.080141843971631,0.5249748366846788
0.8340425531914892,2.132624113475177,0.5243535662255424
0.8340425531914892,2.185106382978723,0.5237611154150704
0.8340425531914892,2.2375886524822692,0.5231955737871752
0.8340425531914892,2.2900709219858153,0.5226551933671371
0.8340425531914892,2.342553191489362,0.5221383719952105
0.8340425531914892,2.395035460992908,0.5216436386289648
0.8340425531914892,2.447517730496454,0.5211696403622045
0.8340425531914892,2.5,0.5207151309358258
0.8638297872340425,0.03333333333333333,0.6410596564592076
0.8638297872340425,0.08581560283687943,0.6263917910684399
0.8638297872340425,0.13829787234042554,0.6166358878134816
0.8638297872340425,0.19078014184397163,0.6106786250582492
0.8638297872340425,0.24326241134751772,0.6060285719369486
0.8638297872340425,0.2957446808510638,0.6016606656312007
0.8638297872340425,0.34822695035461,0.5972226062656364
0.8638297872340425,0.4007092198581561,0.592655310597971
0.8638297872340425,0.45319148936170217,0.5880213206504786
0.8638297872340425,0.5056737588652482,0.5834194878632887
0.8638297872340425,0.5581560283687944,0.5789431799815975
0.8638297872340425,0.6106382978723405,0.574663312516643
0.8638297872340425,0.6631205673758865,0.5706250943115219
0.8638297872340425,0.7156028368794326,0.566851284243846
0.8638297872340425,0.7680851063829789,0.5633476376459533
0.8638297872340425,0.820567375886525,0.5601083078057996
0.8638297872340425,0.873049645390071,0.557120288428768
0.8638297872340425,0.9255319148936171,0.5543666991724988
0.8638297872340425,0.9780141843971631,0.5518290383927923
0.8638297872340425,1.0304964539007093,0.5494886299110155
0.8638297872340425,1.0829787234042554,0.5473274894544777
0.8638297872340425,1.1354609929078014,0.545328796470753
0.8638297872340425,1.1879432624113477,0.5434771099782156
0.8638297872340425,1.2404255319148938,0.5417584258700235
0.8638297872340425,1.2929078014184399,0.5401601411903376
0.8638297872340425,1.3453900709219857,0.5386709679172687
0.8638297872340425,1.3978723404255318,0.5372808229718489
0.8638297872340425,1.4503546099290778,0.5359807106474439
0.8638297872340425,1.5028368794326241,0.5347626068353972
0.8638297872340425,1.5553191489361702,0.5336193501115102
0.8638297872340425,1.6078014184397162,0.5325445420902981
0.8638297872340425,1.6602836879432623,0.5315324578645074
0.8638297872340425,1.7127659574468084,0.5305779664354974
0.8638297872340425,1.7652482269503544,0.5296764605500566
0.8638297872340425,1.8177304964539005,0.528823795126322
0.8638297872340425,1.8702127659574466,0.5280162333710333
0.8638297872340425,1.9226950354609926,0.5272503996967923
0.8638297872340425,1.9751773049645391,0.5265232386008657
0.8638297872340425,2.027659574468085,0.5258319787418625
0.8638297872340425,2.080141843971631,0.5251741015329117
0.8638297872340425,2.132624113475177,0.5245473136515825
0.8638297872340425,2.185106382978723,0.5239495229433863
0.8638297872340425,2.2375886524822692,0.5233788172652408
0.8638297872340425,2.2900709219858153,0.5228334458771084
0.8638297872340425,2.342553191489362,0.5223118030442117
0.8638297872340425,2.395035460992908,0.5218124135592943
0.8638297872340425,2.447517730496454,0.5213339199350004
0.8638297872340425,2.5,0.5208750710513324
0.8936170212765956,0.03333333333333333,0.6387504541635483
0.8936170212765956,0.08581560283687943,0.6211115236784633
0.8936170212765956,0.13829787234042554,0.6123501940020506
0.8936170212765956,0.19078014184397163,0.6073773086371734
0.8936170212765956,0.24326241134751772,0.6035041162694131
0.8936170212765956,0.2957446808510638,0.599754270105722
0.8936170212765956,0.34822695035461,0.5958110757859962
0.8936170212765956,0.4007092198581561,0.5916390434520193
0.8936170212765956,0.45319148936170217,0.5873186691075923
0.8936170212765956,0.5056737588652482,0.5829635881750789
0.8936170212765956,0.5581560283687944,0.5786796645233869
0.8936170212765956,0.6106382978723405,0.5745483867955763
0.8936170212765956,0.6631205673758865,0.570623822692138
0.8936170212765956,0.7156028368794326,0.5669360508028076
0.8936170212765956,0.7680851063829789,0.5634967863438146
0.8936170212765956,0.820567375886525,0.5603049698423817
0.8936170212765956,0.873049645390071,0.557351395937561
0.8936170212765956,0.9255319148936171,0.5546221740231331
0.8936170212765956,0.9780141843971631,0.5521011373665917
0.8936170212765956,1.0304964539007093,0.5497714238892496
0.8936170212765956,1.0829787234042554,0.5476164538440731
0.8936170212765956,1.1354609929078014,0.5456204917491307
0.8936170212765956,1.1879432624113477,0.5437689339399862
0.8936170212765956,1.2404255319148938,0.542048422175102
0.8936170212765956,1.2929078014184399,0.5404468517103743
0.8936170212765956,1.3453900709219857,0.5389533189396336
0.8936170212765956,1.3978723404255318,0.5375580374733971
0.8936170212765956,1.4503546099290778,0.5362522405990833
0.8936170212765956,1.5028368794326241,0.5350280808865244
0.8936170212765956,1.5553191489361702,0.5338785330877273
0.8936170212765956,1.6078014184397162,0.5327973035757257
0.8936170212765956,1.6602836879432623,0.5317787477828372
0.8936170212765956,1.7127659574468084,0.5308177960348359
0.8936170212765956,1.7652482269503544,0.5299098875705681
0.8936170212765956,1.8177304964539005,0.5290509122142539
0.8936170212765956,1.8702127659574466,0.5282371590193049
0.8936170212765956,1.9226950354609926,0.5274652711573609
0.8936170212765956,1.9751773049645391,0.5267322063400413
0.8936170212765956,2.027659574468085,0.5260352021060993
0.8936170212765956,2.080141843971631,0.5253717453665063
0.8936170212765956,2.132624113475177,0.5247395456645524
0.8936170212765956,2.185106382978723,0.5241365116716612
0.8936170212765956,2.2375886524822692,0.5235607304992522
0.8936170212765956,2.2900709219858153,0.5230104494612215
0.8936170212765956,2.342553191489362,0.5224840599699906
0.8936170212765956,2.395035460992908,0.521980083291642
0.8936170212765956,2.447517730496454,0.5214971579228108
0.8936170212765956,2.5,0.521034028384195
0.9234042553191489,0.03333333333333333,0.6335462668189021
0.9234042553191489,0.08581560283687943,0.6147138081829192
0.9234042553191489,0.13829787234042554,0.6077027667927363
0.9234042553191489,0.19078014184397163,0.6039239875752639
0.9234042553191489,0.24326241134751772,0.6009002748813298
0.9234042553191489,0.2957446808510638,0.5977965544789176
0.9234042553191489,0.34822695035461,0.5943598341540958
0.9234042553191489,0.4007092198581561,0.5905885028041932
0.9234042553191489,0.45319148936170217,0.5865850135162817
0.9234042553191489,0.5056737588652482,0.5824792953228565
0.9234042553191489,0.5581560283687944,0.5783902053015477
0.9234042553191489,0.6106382978723405,0.574409911782444
0.9234042553191489,0.6631205673758865,0.570601318735977
0.9234042553191489,0.7156028368794326,0.5670017763333998
0.9234042553191489,0.7680851063829789,0.5636289214645289
0.9234042553191489,0.820567375886525,0.5604864613463574
0.9234042553191489,0.873049645390071,0.5575689865071871
0.9234042553191489,0.9255319148936171,0.5548656019087139
0.9234042553191489,0.9780141843971631,0.5523624880935322
0.9234042553191489,1.0304964539007093,0.5500446126936578
0.9234042553191489,1.0829787234042554,0.5478968171355908
0.9234042553191489,1.1354609929078014,0.5459044673348348
0.9234042553191489,1.1879432624113477,0.5440538121954124
0.9234042553191489,1.2404255319148938,0.5423321531587988
0.9234042553191489,1.2929078014184399,0.540727895964461
0.9234042553191489,1.3453900709219857,0.5392305321780261
0.9234042553191489,1.3978723404255318,0.537830581445507
0.9234042553191489,1.4503546099290778,0.5365195141241118
0.9234042553191489,1.5028368794326241,0.5352896664169625
0.9234042553191489,1.5553191489361702,0.5341341552312686
0.9234042553191489,1.6078014184397162,0.5330467968357112
0.9234042553191489,1.6602836879432623,0.5320220314171998
0.9234042553191489,1.7127659574468084,0.5310548544237815
0.9234042553191489,1.7652482269503544,0.5301407548577926
0.9234042553191489,1.8177304964539005,0.5292756602723099
0.9234042553191489,1.8702127659574466,0.5284558880077947
0.9234042553191489,1.9226950354609926,0.5276781021091594
0.9234042553191489,1.9751773049645391,0.5269392753381268
0.9234042553191489,2.027659574468085,0.5262366557111983
0.9234042553191489,2.080141843971631,0.5255677370307807
0.9234042553191489,2.132624113475177,0.5249302329243727
0.9234042553191489,2.185106382978723,0.5243220539571911
0.9234042553191489,2.2375886524822692,0.5237412874332215
0.9234042553191489,2.2900709219858153,0.5231861795462164
0.9234042553191489,2.342553191489362,0.5226551195846261
0.9234042553191489,2.395035460992908,0.5221466259324526
0.9234042553191489,2.447517730496454,0.5216593336416294
0.9234042553191489,2.5,0.5211919833809907
0.9531914893617021,0.03333333333333333,0.622964378643464
0.9531914893617021,0.08581560283687943,0.6073089610661603
0.9531914893617021,0.13829787234042554,0.6027670559651003
0.9531914893617021,0.19078014184397163,0.6003540217996176
0.9531914893617021,0.24326241134751772,0.5982356655192155
0.9531914893617021,0.2957446808510638,0.5957982797470546
0.9531914893617021,0.34822695035461,0.5928755558004819
0.9531914893617021,0.4007092198581561,0.5895080282938964
0.9531914893617021,0.45319148936170217,0.5858232566277627
0.9531914893617021,0.5056737588652482,0.5819685795808336
0.9531914893617021,0.5581560283687944,0.5780761458514684
0.9531914893617021,0.6106382978723405,0.5742488004317068
0.9531914893617021,0.6631205673758865,0.570558195728712
0.9531914893617021,0.7156028368794326,0.5670488641229559
0.9531914893617021,0.7680851063829789,0.5637442987490799
0.9531914893617021,0.820567375886525,0.5606529344634191
0.9531914893617021,0.873049645390071,0.557773139816616
0.9531914893617021,0.9255319148936171,0.5550970121702895
0.9531914893617021,0.9780141843971631,0.552613085336979
0.9531914893617021,1.0304964539007093,0.5503081677392306
0.9531914893617021,1.0829787234042554,0.5481685353896628
0.9531914893617021,1.1354609929078014,0.5461806696121474
0.9531914893617021,1.1879432624113477,0.5443316854695489
0.9531914893617021,1.2404255319148938,0.542609556711577
0.9531914893617021,1.2929078014184399,0.5410032109764015
0.9531914893617021,1.3453900709219857,0.5395025451420824
0.9531914893617021,1.3978723404255318,0.5380983937943894
0.9531914893617021,1.4503546099290778,0.5367824721195842
0.9531914893617021,1.5028368794326241,0.5355473066828897
0.9531914893617021,1.5553191489361702,0.5343861623651655
0.9531914893617021,1.6078014184397162,0.533292970354677
0.9531914893617021,1.6602836879432623,0.5322622599290371
0.9531914893617021,1.7127659574468084,0.5312890954023101
0.9531914893617021,1.7652482269503544,0.5303690187755579
0.9531914893617021,1.8177304964539005,0.5294979981301949
0.9531914893617021,1.8702127659574466,0.5286723815200698
0.9531914893617021,1.9226950354609926,0.527888855970157
0.9531914893617021,1.9751773049645391,0.527144411125241
0.9531914893617021,2.027659574468085,0.5264363070776217
0.9531914893617021,2.080141843971631,0.5257620459173903
0.9531914893617021,2.132624113475177,0.5251193465788575
0.9531914893617021,2.185106382978723,0.5245061225939501
0.9531914893617021,2.2375886524822692,0.5239204624028504
0.9531914893617021,2.2900709219858153,0.52336061191091
0.9531914893617021,2.342553191489362,0.5228249590173164
0.9531914893617021,2.395035460992908,0.5223120198743695
0.9531914893617021,2.447517730496454,0.5218204266662393
0.9531914893617021,2.5,0.5213489167227389
0.9829787234042552,0.03333333333333333,0.6053509869265972
0.9829787234042552,0.08581560283687943,0.5991801000425838
0.9829787234042552,0.13829787234042554,0.597639904688553
0.9829787234042552,0.19078014184397163,0.5967078866961342
0.9829787234042552,0.24326241134751772,0.5955303113786045
0.9829787234042552,0.2957446808510638,0.5937706110690244
0.9829787234042552,0.34822695035461,0.5913650158721044
0.9829787234042552,0.4007092198581561,0.5884019721132699
0.9829787234042552,0.45319148936170217,0.5850362956572984
0.9829787234042552,0.5056737588652482,0.5814334084783525
0.9829787234042552,0.5581560283687944,0.5777388337259189
0.9829787234042552,0.6106382978723405,0.5740659752452408
0.9829787234042552,0.6631205673758865,0.5704950797897135
0.9829787234042552,0.7156028368794326,0.5670777316564509
0.9829787234042552,0.7680851063829789,0.5638431881767849
0.9829787234042552,0.820567375886525,0.5608045548259935
0.9829787234042552,0.873049645390071,0.5579639478724535
0.9829787234042552,0.9255319148936171,0.5553164451605511
0.9829787234042552,0.9780141843971631,0.552852933549378
0.9829787234042552,1.0304964539007093,0.5505620688833658
0.9829787234042552,1.0829787234042554,0.5484315719779514
0.9829787234042552,1.1354609929078014,0.5464490512738485
0.9829787234042552,1.1879432624113477,0.5446024999211787
0.9829787234042552,1.2404255319148938,0.5428805754019307
0.9829787234042552,1.2929078014184399,0.5412727377993314
0.9829787234042552,1.3453900709219857,0.5397692988160399
0.9829787234042552,1.3978723404255318,0.5383614164274408
0.9829787234042552,1.4503546099290778,0.5370410580800093
0.9829787234042552,1.5028368794326241,0.5358009471935596
0.9829787234042552,1.5553191489361702,0.5346345022715054
0.9829787234042552,1.6078014184397162,0.5335357743247251
0.9829787234042552,1.6602836879432623,0.5324993859721666
0.9829787234042552,1.7127659574468084,0.5315204740779947
0.9829787234042552,1.7652482269503544,0.5305946368363548
0.9829787234042552,1.8177304964539005,0.5297178856292507
0.9829787234042552,1.8702127659574466,0.5288866016329116
0.9829787234042552,1.9226950354609926,0.5280974969489407
0.9829787234042552,1.9751773049645391,0.5273475799330155
0.9829787234042552,2.027659574468085,0.5266341243497646
0.9829787234042552,2.080141843971631,0.5259546419742115
0.9829787234042552,2.132624113475177,0.5253068582728003
0.9829787234042552,2.185106382978723,0.5246886908209358
0.9829787234042552,2.2375886524822692,0.5240982301431929
0.9829787234042552,2.2900709219858153,0.5235337226932313
0.9829787234042552,2.342553191489362,0.5229935557208354
0.9829787234042552,2.395035460992908,0.5224762438021632
0.9829787234042552,2.447517730496454,0.5219804168356592
0.9829787234042552,2.5,0.5215048093299046
1.0127659574468084,0.03333333333333333,0.5839694105467642
1.0127659574468084,0.08581560283687943,0.590759474581395
1.0127659574468084,0.13829787234042554,0.5924348778178068
1.0127659574468084,0.19078014184397163,0.5930294806796741
1.0127659574468084,0.24326241134751772,0.5928051110472031
1.0127659574468084,0.2957446808510638,0.5917249232804631
1.0127659574468084,0.34822695035461,0.5898350092102177
1.0127659574468084,0.4007092198581561,0.5872746611174698
1.0127659574468084,0.45319148936170217,0.5842270025565267
1.0127659574468084,0.5056737588652482,0.5808757355368349
1.0127659574468084,0.5581560283687944,0.5773796135949967
1.0127659574468084,0.6106382978723405,0.5738623638352452
1.0127659574468084,0.6631205673758865,0.5704126069300349
1.0127659574468084,0.7156028368794326,0.5670888086304319
1.0127659574468084,0.7680851063829789,0.5639258726117736
1.0127659574468084,0.820567375886525,0.5609415006274013
1.0127659574468084,0.873049645390071,0.5581415143760873
1.0127659574468084,0.9255319148936171,0.5555239518132513
1.0127659574468084,0.9780141843971631,0.5530820465819115
1.0127659574468084,1.0304964539007093,0.5508063042329232
1.0127659574468084,1.0829787234042554,0.5486858974578337
1.0127659574468084,1.1354609929078014,0.5467095712427588
1.0127659574468084,1.1879432624113477,0.5448662070966827
1.0127659574468084,1.2404255319148938,0.5431451564524004
1.0127659574468084,1.2929078014184399,0.5415364215067399
1.0127659574468084,1.3453900709219857,0.5400307376597631
1.0127659574468084,1.3978723404255318,0.538619594260773
1.0127659574468084,1.4503546099290778,0.5372952181089484
1.0127659574468084,1.5028368794326241,0.5360505357252762
1.0127659574468084,1.5553191489361702,0.5348791247066234
1.0127659574468084,1.6078014184397162,0.5337751606612511
1.0127659574468084,1.6602836879432623,0.5327333637082968
1.0127659574468084,1.7127659574468084,0.531748946881075
1.0127659574468084,1.7652482269503544,0.5308175677157471
1.0127659574468084,1.8177304964539005,0.5299352836360854
1.0127659574468084,1.8702127659574466,0.5290985113291045
1.0127659574468084,1.9226950354609926,0.528303990056644
1.0127659574468084,1.9751773049645391,0.527548748705671
1.0127659574468084,2.027659574468085,0.5268300763062083
1.0127659574468084,2.080141843971631,0.5261454957148112
1.0127659574468084,2.132624113475177,0.5254927401567038
1.0127659574468084,2.185106382978723,0.5248697323302104
1.0127659574468084,2.2375886524822692,0.5242745657960532
1.0127659574468084,2.2900709219858153,0.5237054883970255
1.0127659574468084,2.342553191489362,0.5231608874777922
1.0127659574468084,2.395035460992908,0.5226392766984881
1.0127659574468084,2.447517730496454,0.5221392842584389
1.0127659574468084,2.5,0.5216596423672739
1.0425531914893615,0.03333333333333333,0.5660904805111131
1.0425531914893615,0.08581560283687943,0.5825452139732484
1.0425531914893615,0.13829787234042554,0.5872725857952855
1.0425531914893615,0.19078014184397163,0.5893640848687511
1.0425531914893615,0.24326241134751772,0.5900812457318073
1.0425531914893615,0.2957446808510638,0.5896725918921579
1.0425531914893615,0.34822695035461,0.5882922656921069
1.0425531914893615,0.4007092198581561,0.5861303582256568
1.0425531914893615,0.45319148936170217,0.5833982043843154
1.0425531914893615,0.5056737588652482,0.5802974892710329
1.0425531914893615,0.5581560283687944,0.5769998205844041
1.0425531914893615,0.6106382978723405,0.5736388946574198
1.0425531914893615,0.6631205673758865,0.570311420217979
1.0425531914893615,0.7156028368794326,0.5670825350283223
1.0425531914893615,0.7680851063829789,0.5639926464802757
1.0425531914893615,0.820567375886525,0.5610639617080156
1.0425531914893615,0.873049645390071,0.5583059540919982
1.0425531914893615,0.9255319148936171,0.555719593208032
1.0425531914893615,0.9780141843971631,0.5533004473868914
1.0425531914893615,1.0304964539007093,0.5510408699431336
1.0425531914893615,1.0829787234042554,0.5489314894390374
1.0425531914893615,1.1354609929078014,0.5469621945858231
1.0425531914893615,1.1879432624113477,0.5451227638772465
1.0425531914893615,1.2404255319148938,0.54340325170977
1.0425531914893615,1.2929078014184399,0.5417942111784841
1.0425531914893615,1.3453900709219857,0.5402868096055038
1.0425531914893615,1.3978723404255318,0.5388728752231333
1.0425531914893615,1.4503546099290778,0.5375449009275661
1.0425531914893615,1.5028368794326241,0.5362960223328043
1.0425531914893615,1.5553191489361702,0.5351199814141311
1.0425531914893615,1.6078014184397162,0.5340110830167419
1.0425531914893615,1.6602836879432623,0.5329641488210063
1.0425531914893615,1.7127659574468084,0.5319744715782315
1.0425531914893615,1.7652482269503544,0.5310377712656892
1.0425531914893615,1.8177304964539005,0.5301501540552783
1.0425531914893615,1.8702127659574466,0.5293080745094377
1.0425531914893615,1.9226950354609926,0.5285083011182051
1.0425531914893615,1.9751773049645391,0.5277478851105245
1.0425531914893615,2.027659574468085,0.5270241323694855
1.0425531914893615,2.080141843971631,0.526334578227498
1.0425531914893615,2.132624113475177,0.525676964895152
1.0425531914893615,2.185106382978723,0.5250492212746298
1.0425531914893615,2.2375886524822692,0.524449444917118
1.0425531914893615,2.2900709219858153,0.5238758858986288
1.0425531914893615,2.342553191489362,0.5233269324066894
1.0425531914893615,2.395035460992908,0.5228010978494649
1.0425531914893615,2.447517730496454,0.5222970093178035
1.0425531914893615,2.5,0.5218133972486932
1.0723404255319149,0.03333333333333333,0.5552308837467747
1.0723404255319149,0.08581560283687943,0.5749884171119888
1.0723404255319149,0.13829787234042554,0.5822696740138619
1.0723404255319149,0.19078014184397163,0.5857561741111207
1.0723404255319149,0.24326241134751772,0.5873795609129331
1.0723404255319149,0.2957446808510638,0.5876247786790015
1.0723404255319149,0.34822695035461,0.5867433645981851
1.0723404255319149,0.4007092198581561,0.5849732239887429
1.0723404255319149,0.45319148936170217,0.5825526640925837
1.0723404255319149,0.5056737588652482,0.5797005625799583
1.0723404255319149,0.5581560283687944,0.5766007739073904
1.0723404255319149,0.6106382978723405,0.5733964929419887
1.0723404255319149,0.6631205673758865,0.5701921670676716
1.0723404255319149,0.7156028368794326,0.5670593592665873
1.0723404255319149,0.7680851063829789,0.5640438144849009
1.0723404255319149,0.820567375886525,0.5611721386575997
1.0723404255319149,0.873049645390071,0.558457392220113
1.0723404255319149,0.9255319148936171,0.5559034401326639
1.0723404255319149,0.9780141843971631,0.5535081677142897
1.0723404255319149,1.0304964539007093,0.5512657700093399
1.0723404255319149,1.0829787234042554,0.5491683324429103
1.0723404255319149,1.1354609929078014,0.5472068924212093
1.0723404255319149,1.1879432624113477,0.5453721324197359
1.0723404255319149,1.2404255319148938,0.5436548176096793
1.0723404255319149,1.2929078014184399,0.5420460598819643
1.0723404255319149,1.3453900709219857,0.5405374660505086
1.0723404255319149,1.3978723404255318,0.5391212102562881
1.0723404255319149,1.4503546099290778,0.5377900578801847
1.0723404255319149,1.5028368794326241,0.5365373593582436
1.0723404255319149,1.5553191489361702,0.5353570261358077
1.0723404255319149,1.6078014184397162,0.5342434967927653
1.0723404255319149,1.6602836879432623,0.5331916985281985
1.0723404255319149,1.7127659574468084,0.5321970072850711
1.0723404255319149,1.7652482269503544,0.5312552085267509
1.0723404255319149,1.8177304964539005,0.5303624598411556
1.0723404255319149,1.8702127659574466,0.5295152560039192
1.0723404255319149,1.9226950354609926,0.5287103967829548
1.0723404255319149,1.9751773049645391,0.5279449575479219
1.0723404255319149,2.027659574468085,0.5272162626153567
1.0723404255319149,2.080141843971631,0.5265218611839517
1.0723404255319149,2.132624113475177,0.5258595056748188
1.0723404255319149,2.185106382978723,0.5252271322752631
1.0723404255319149,2.2375886524822692,0.5246228434828168
1.0723404255319149,2.2900709219858153,0.5240448924532092
1.0723404255319149,2.342553191489362,0.5234916689677783
1.0723404255319149,2.395035460992908,0.5229616868500868
1.0723404255319149,2.447517730496454,0.5224535726766428
1.0723404255319149,2.5,0.5219660556416759
1.102127659574468,0.03333333333333333,0.549856945055661
1.102127659574468,0.08581560283687943,0.5684016562263496
1.102127659574468,0.13829787234042554,0.577528566129119
1.102127659574468,0.19078014184397163,0.582247303937793
1.102127659574468,0.24326241134751772,0.5847199621931007
1.102127659574468,0.2957446808510638,0.5855922213353796
1.102127659574468,0.34822695035461,0.5851946507336907
1.102127659574468,0.4007092198581561,0.5838072792155468
1.102127659574468,0.45319148936170217,0.5816930620467815
1.102127659574468,0.5056737588652482,0.5790868026523761
1.102127659574468,0.5581560283687944,0.5761837708441699
1.102127659574468,0.6106382978723405,0.5731360768486173
1.102127659574468,0.6631205673758865,0.5700554966648934
1.102127659574468,0.7156028368794326,0.5670197364203872
1.102127659574468,0.7680851063829789,0.5640796903615399
1.102127659574468,0.820567375886525,0.5612662419376528
1.102127659574468,0.873049645390071,0.558595963774871
1.102127659574468,0.9255319148936171,0.5560755726445755
1.102127659574468,0.9780141843971631,0.5537052478037324
1.102127659574468,1.0304964539007093,0.5514810160525117
1.102127659574468,1.0829787234042554,0.5493964177549905
1.102127659574468,1.1354609929078014,0.5474436418188953
1.102127659574468,1.1879432624113477,0.5456142800915734
1.102127659574468,1.2404255319148938,0.5438998151358821
1.102127659574468,1.2929078014184399,0.5422919246486148
1.102127659574468,1.3453900709219857,0.5407826618455868
1.102127659574468,1.3978723404255318,0.539364553311947
1.102127659574468,1.4503546099290778,0.5380306429368938
1.102127659574468,1.5028368794326241,0.5367745014374051
1.102127659574468,1.5553191489361702,0.5355902146203726
1.102127659574468,1.6078014184397162,0.5344723591501667
1.102127659574468,1.6602836879432623,0.5334159715930376
1.102127659574468,1.7127659574468084,0.5324165144773231
1.102127659574468,1.7652482269503544,0.5314698417392482
1.102127659574468,1.8177304964539005,0.5305721650086377
1.102127659574468,1.8702127659574466,0.5297200215821976
1.102127659574468,1.9226950354609926,0.5289102445345277
1.102127659574468,1.9751773049645391,0.5281399351605928
1.102127659574468,2.027659574468085,0.5274064377815884
1.102127659574468,2.080141843971631,0.5267073168474288
1.102127659574468,2.132624113475177,0.5260403362121102
1.102127659574468,2.185106382978723,0.525403440428494
1.102127659574468,2.2375886524822692,0.5247947378969116
1.102127659574468,2.2900709219858153,0.5242124857008701
1.102127659574468,2.342553191489362,0.5236550759687095
1.102127659574468,2.395035460992908,0.5231210236094447
1.102127659574468,2.447517730496454,0.5226089552823456
1.102127659574468,2.5,0.5221175994718728
1.1319148936170211,0.03333333333333333,0.5474653334348463
1.1319148936170211,0.08581560283687943,0.5629245013710507
1.1319148936170211,0.13829787234042554,0.5731298098515
1.1319148936170211,0.19078014184397163,0.5788742845262206
1.1319148936170211,0.24326241134751772,0.5821208634256189
1.1319148936170211,0.2957446808510638,0.583585036341253
1.1319148936170211,0.34822695035461,0.5836521549533935
1.1319148936170211,0.4007092198581561,0.5826363695268741
1.1319148936170211,0.45319148936170217,0.5808219785931028
1.1319148936170211,0.5056737588652482,0.578458001507857
1.1319148936170211,0.5581560283687944,0.5757500811199976
1.1319148936170211,0.6106382978723405,0.5728585538693735
1.1319148936170211,0.6631205673758865,0.5699020575430561
1.1319148936170211,0.7156028368794326,0.5669641265364452
1.1319148936170211,0.7680851063829789,0.5641005956839249
1.1319148936170211,0.820567375886525,0.5613464910272277
1.1319148936170211,0.873049645390071,0.5587218129734435
1.1319148936170211,0.9255319148936171,0.55623607963342
1.1319148936170211,0.9780141843971631,0.5538917360732168
1.1319148936170211,1.0304964539007093,0.551686627099436
1.1319148936170211,1.0829787234042554,0.5496157432715238
1.1319148936170211,1.1354609929078014,0.5476724256952048
1.1319148936170211,1.1879432624113477,0.5458491793999445
1.1319148936170211,1.2404255319148938,0.5441382097743902
1.1319148936170211,1.2929078014184399,0.5425317664458833
1.1319148936170211,1.3453900709219857,0.5410223552797552
1.1319148936170211,1.3978723404255318,0.5396028613453138
1.1319148936170211,1.4503546099290778,0.5382666126932714
1.1319148936170211,1.5028368794326241,0.5370074055037276
1.1319148936170211,1.5553191489361702,0.5358195046301683
1.1319148936170211,1.6078014184397162,0.5346976290174913
1.1319148936170211,1.6602836879432623,0.5336369283333765
1.1319148936170211,1.7127659574468084,0.5326329550007569
1.1319148936170211,1.7652482269503544,0.5316816343532871
1.1319148936170211,1.8177304964539005,0.5307792346431605
1.1319148936170211,1.8702127659574466,0.5299223379631945
1.1319148936170211,1.9226950354609926,0.5291078127000988
1.1319148936170211,1.9751773049645391,0.5283327878424273
1.1319148936170211,2.027659574468085,0.5275946292762375
1.1319148936170211,2.080141843971631,0.5268909180805406
1.1319148936170211,2.132624113475177,0.526219430760441
1.1319148936170211,2.185106382978723,0.5255781213128061
1.1319148936170211,2.2375886524822692,0.5249651049968093
1.1319148936170211,2.2900709219858153,0.5243786436725152
1.1319148936170211,2.342553191489362,0.5238171325699748
1.1319148936170211,2.395035460992908,0.5232790883557746
1.1319148936170211,2.447517730496454,0.5227631383714745
1.1319148936170211,2.5,0.5222680109274024
1.1617021276595743,0.03333333333333333,0.5464513245565616
1.1617021276595743,0.08581560283687943,0.5585451590077215
1.1617021276595743,0.13829787234042554,0.5691280873637048
1.1617021276595743,0.19078014184397163,0.5756678039499176
1.1617021276595743,0.24326241134751772,0.5795987195072785
1.1617021276595743,0.2957446808510638,0.5816125431895257
1.1617021276595743,0.34822695035461,0.5821215215162284
1.1617021276595743,0.4007092198581561,0.5814641326489197
1.1617021276595743,0.45319148936170217,0.5799418779664419
1.1617021276595743,0.5056737588652482,0.5778158872872063
1.1617021276595743,0.5581560283687944,0.5753009417293715
1.1617021276595743,0.6106382978723405,0.5725648175016116
1.1617021276595743,0.6631205673758865,0.5697324953207658
1.1617021276595743,0.7156028368794326,0.5668929930399117
1.1617021276595743,0.7680851063829789,0.5641068587202844
1.1617021276595743,0.820567375886525,0.5614131135953047
1.1617021276595743,0.873049645390071,0.5588350926353274
1.1617021276595743,0.9255319148936171,0.5563850583862933
1.1617021276595743,0.9780141843971631,0.5540676888057232
1.1617021276595743,1.0304964539007093,0.5518826293584429
1.1617021276595743,1.0829787234042554,0.5498263133405555
1.1617021276595743,1.1354609929078014,0.5478932327017519
1.1617021276595743,1.1879432624113477,0.5460768079156677
1.1617021276595743,1.2404255319148938,0.5443699714627345
1.1617021276595743,1.2929078014184399,0.542765550144867
1.1617021276595743,1.3453900709219857,0.5412565080610807
1.1617021276595743,1.3978723404255318,0.5398360943053445
1.1617021276595743,1.4503546099290778,0.5384979263672808
1.1617021276595743,1.5028368794326241,0.5372360307897759
1.1617021276595743,1.5553191489361702,0.5360448559457791
1.1617021276595743,1.6078014184397162,0.5349192670976487
1.1617021276595743,1.6602836879432623,0.5338545306296905
1.1617021276595743,1.7127659574468084,0.532846292079825
1.1617021276595743,1.7652482269503544,0.5318905510377211
1.1617021276595743,1.8177304964539005,0.5309836349096698
1.1617021276595743,1.8702127659574466,0.5301221728239452
1.1617021276595743,1.9226950354609926,0.5293030704589431
1.1617021276595743,1.9751773049645391,0.5285234862466732
1.1617021276595743,2.027659574468085,0.5277808091854362
1.1617021276595743,2.080141843971631,0.5270726383526011
1.1617021276595743,2.132624113475177,0.5263967641171378
1.1617021276595743,2.185106382978723,0.5257511509952472
1.1617021276595743,2.2375886524822692,0.525133922059598
1.1617021276595743,2.2900709219858153,0.524543344795473
1.1617021276595743,2.342553191489362,0.5239778182901388
1.1617021276595743,2.395035460992908,0.5234358616413198
1.1617021276595743,2.447517730496454,0.5229161034742826
1.1617021276595743,2.5,0.5224172724630436
1.1914893617021276,0.03333333333333333,0.5460302502207387
1.1914893617021276,0.08581560283687943,0.5551518115013521
1.1914893617021276,0.13829787234042554,0.5655519659050549
1.1914893617021276,0.19078014184397163,0.5726515911886045
1.1914893617021276,0.24326241134751772,0.5771676674074784
1.1914893617021276,0.2957446808510638,0.5796831165810354
1.1914893617021276,0.34822695035461,0.5806079443535633
1.1914893617021276,0.4007092198581561,0.5802939691673267
1.1914893617021276,0.45319148936170217,0.5790550938055296
1.1914893617021276,0.5056737588652482,0.5771621163958613
1.1914893617021276,0.5581560283687944,0.5748375522490948
1.1914893617021276,0.6106382978723405,0.5722557442100477
1.1914893617021276,0.6631205673758865,0.5695474506108108
1.1914893617021276,0.7156028368794326,0.5668068012410011
1.1914893617021276,0.7680851063829789,0.5640988133459042
1.1914893617021276,0.820567375886525,0.5614663447024224
1.1914893617021276,0.873049645390071,0.5589359635952892
1.1914893617021276,0.9255319148936171,0.5565226141570715
1.1914893617021276,0.9780141843971631,0.5542331698348244
1.1914893617021276,1.0304964539007093,0.5520690559914794
1.1914893617021276,1.0829787234042554,0.5500281385981987
1.1914893617021276,1.1354609929078014,0.5481060571092318
1.1914893617021276,1.1879432624113477,0.5462971481920478
1.1914893617021276,1.2404255319148938,0.5445950745345849
1.1914893617021276,1.2929078014184399,0.542993244483775
1.1914893617021276,1.3453900709219857,0.5414850852938489
1.1914893617021276,1.3978723404255318,0.5400642151218072
1.1914893617021276,1.4503546099290778,0.5387245457934026
1.1914893617021276,1.5028368794326241,0.5374603388263683
1.1914893617021276,1.5553191489361702,0.5362662303686231
1.1914893617021276,1.6078014184397162,0.5351372358728452
1.1914893617021276,1.6602836879432623,0.5340687419315304
1.1914893617021276,1.7127659574468084,0.5330564903250443
1.1914893617021276,1.7652482269503544,0.5320965576880308
1.1914893617021276,1.8177304964539005,0.531185333060694
1.1914893617021276,1.8702127659574466,0.5303194948076503
1.1914893617021276,1.9226950354609926,0.5294959878503177
1.1914893617021276,1.9751773049645391,0.5287120017935494
1.1914893617021276,2.027659574468085,0.5279649502806766
1.1914893617021276,2.080141843971631,0.5272524517465451
1.1914893617021276,2.132624113475177,0.5265723116299716
1.1914893617021276,2.185106382978723,0.5259225060375705
1.1914893617021276,2.2375886524822692,0.525301166807803
1.1914893617021276,2.2900709219858153,0.524706567898878
1.1914893617021276,2.342553191489362,0.5241371130108623
1.1914893617021276,2.395035460992908,0.5235913243470092
1.1914893617021276,2.447517730496454,0.5230678324190676
1.1914893617021276,2.5,0.5225653668042843
1.2212765957446807,0.03333333333333333,0.5458569080852054
1.2212765957446807,0.08581560283687943,0.5525857293316606
1.2212765957446807,0.13829787234042554,0.5624066525880372
1.2212765957446807,0.19078014184397163,0.5698421313842843
1.2212765957446807,0.24326241134751772,0.5748392884395463
1.2212765957446807,0.2957446808510638,0.5778040712652178
1.2212765957446807,0.34822695035461,0.5791161138977171
1.2212765957446807,0.4007092198581561,0.5791290173469406
1.2212765957446807,0.45319148936170217,0.5781638165059603
1.2212765957446807,0.5056737588652482,0.5764982665908922
1.2212765957446807,0.5581560283687944,0.5743610706772673
1.2212765957446807,0.6106382978723405,0.5719321906943577
1.2212765957446807,0.6631205673758865,0.5693475571087314
1.2212765957446807,0.7156028368794326,0.56670601694616
1.2212765957446807,0.7680851063829789,0.5640767980147653
1.2212765957446807,0.820567375886525,0.5615064260338688
1.2212765957446807,0.873049645390071,0.5590245941313992
1.2212765957446807,0.9255319148936171,0.5566488597412013
1.2212765957446807,0.9780141843971631,0.5543882502302986
1.2212765957446807,1.0304964539007093,0.5522459468833033
1.2212765957446807,1.0829787234042554,0.5502212358006553
1.2212765957446807,1.1354609929078014,0.5483108986864926
1.2212765957446807,1.1879432624113477,0.546510187679037
1.2212765957446807,1.2404255319148938,0.5448134976599653
1.2212765957446807,1.2929078014184399,0.5432148220273962
1.2212765957446807,1.3453900709219857,0.5417080554521804
1.2212765957446807,1.3978723404255318,0.5402871896892334
1.2212765957446807,1.4503546099290778,0.5389464354140707
1.2212765957446807,1.5028368794326241,0.5376802934393781
1.2212765957446807,1.5553191489361702,0.5364835917215436
1.2212765957446807,1.6078014184397162,0.5353514996078036
1.2212765957446807,1.6602836879432623,0.5342795272625116
1.2212765957446807,1.7127659574468084,0.5332635157391226
1.2212765957446807,1.7652482269503544,0.5322996214331306
1.2212765957446807,1.8177304964539005,0.5313842974434985
1.2212765957446807,1.8702127659574466,0.5305142735309393
1.2212765957446807,1.9226950354609926,0.5296865357806693
1.2212765957446807,1.9751773049645391,0.5288983066772818
1.2212765957446807,2.027659574468085,0.5281470260255947
1.2212765957446807,2.080141843971631,0.527430332965414
1.2212765957446807,2.132624113475177,0.5267460492033179
1.2212765957446807,2.185106382978723,0.5260921635020546
1.2212765957446807,2.2375886524822692,0.5254668174148628
1.2212765957446807,2.2900709219858153,0.5248682922188075
1.2212765957446807,2.342553191489362,0.5242949969817077
1.2212765957446807,2.395035460992908,0.5237454576869496
1.2212765957446807,2.447517730496454,0.523218307336363
1.2212765957446807,2.5,0.5227122769512299
1.2510638297872338,0.03333333333333333,0.5457858041966465
1.2510638297872338,0.08581560283687943,0.5506806773023852
1.2510638297872338,0.13829787234042554,0.5596786008247641
1.2510638297872338,0.19078014184397163,0.5672488776311332
1.2510638297872338,0.24326241134751772,0.5726224939576414
1.2510638297872338,0.2957446808510638,0.5759815820890521
1.2510638297872338,0.34822695035461,0.5776501756202207
1.2510638297872338,0.4007092198581561,0.5779721324868728
1.2510638297872338,0.45319148936170217,0.5772700825996294
1.2510638297872338,0.5056737588652482,0.5758258310870382
1.2510638297872338,0.5581560283687944,0.5738726098288124
1.2510638297872338,0.6106382978723405,0.5715949914754281
1.2510638297872338,0.6631205673758865,0.5691334398673382
1.2510638297872338,0.7156028368794326,0.5665911051774599
1.2510638297872338,0.7680851063829789,0.5640411547927936
1.2510638297872338,0.820567375886525,0.5615336051663431
1.2510638297872338,0.873049645390071,0.559101159409657
1.2510638297872338,0.9255319148936171,0.5567639150571178
1.2510638297872338,0.9780141843971631,0.5545330079846763
1.2510638297872338,1.0304964539007093,0.5524133484085072
1.2510638297872338,1.0829787234042554,0.550405627652542
1.2510638297872338,1.1354609929078014,0.5485077625753061
1.2510638297872338,1.1879432624113477,0.5467159186330159
1.2510638297872338,1.2404255319148938,0.5450252237812951
1.2510638297872338,1.2929078014184399,0.5434302591227432
1.2510638297872338,1.3453900709219857,0.5419253903502295
1.2510638297872338,1.3978723404255318,0.5405049868478564
1.2510638297872338,1.4503546099290778,0.5391635622684842
1.2510638297872338,1.5028368794326241,0.5378958607442609
1.2510638297872338,1.5553191489361702,0.5366969058474441
1.2510638297872338,1.6078014184397162,0.5355620243512988
1.2510638297872338,1.6602836879432623,0.5344868532238567
1.2510638297872338,1.7127659574468084,0.5334673357218476
1.2510638297872338,1.7652482269503544,0.532499710641113
1.2510638297872338,1.8177304964539005,0.5315804975063279
1.2510638297872338,1.8702127659574466,0.5307064795903519
1.2510638297872338,1.9226950354609926,0.5298746860301661
1.2510638297872338,1.9751773049645391,0.5290823738725552
1.2510638297872338,2.027659574468085,0.5283270105822537
1.2510638297872338,2.080141843971631,0.5276062573384082
1.2510638297872338,2.132624113475177,0.5269179533039384
1.2510638297872338,2.185106382978723,0.5262601009569957
1.2510638297872338,2.2375886524822692,0.5256308525103206
1.2510638297872338,2.2900709219858153,0.525028497403172
1.2510638297872338,2.342553191489362,0.5244514508247344
1.2510638297872338,2.395035460992908,0.5238982432127303
1.2510638297872338,2.447517730496454,0.5233675106629665
1.2510638297872338,2.5,0.5228579861823659
1.2808510638297872,0.03333333333333333,0.545756680691766
1.2808510638297872,0.08581560283687943,0.5492856062080667
1.2808510638297872,0.13829787234042554,0.5573408027827291
1.2808510638297872,0.19078014184397163,0.5648748560850776
1.2808510638297872,0.24326241134751772,0.5705235269455323
1.2808510638297872,0.2957446808510638,0.5742206397141602
1.2808510638297872,0.34822695035461,0.5762137009083329
1.2808510638297872,0.4007092198581561,0.5768258711337151
1.2808510638297872,0.45319148936170217,0.5763757663023648
1.2808510638297872,0.5056737588652482,0.5751462137402419
1.2808510638297872,0.5581560283687944,0.5733732343110359
1.2808510638297872,0.6106382978723405,0.5712449568099558
1.2808510638297872,0.6631205673758865,0.5689057137617024
1.2808510638297872,0.7156028368794326,0.5664625290028377
1.2808510638297872,0.7680851063829789,0.5639922284546
1.2808510638297872,0.820567375886525,0.5615481348696046
1.2808510638297872,0.873049645390071,0.5591658409464623
1.2808510638297872,0.9255319148936171,0.5568679067353322
1.2808510638297872,0.9780141843971631,0.5546675277015574
1.2808510638297872,1.0304964539007093,0.5525713131970451
1.2808510638297872,1.0829787234042554,0.5505813426320387
1.2808510638297872,1.1354609929078014,0.5486966591612381
1.2808510638297872,1.1879432624113477,0.5469143380225036
1.2808510638297872,1.2404255319148938,0.5452302400454959
1.2808510638297872,1.2929078014184399,0.5436395358510512
1.2808510638297872,1.3453900709219857,0.5421370651090924
1.2808510638297872,1.3978723404255318,0.5407175783616357
1.2808510638297872,1.4503546099290778,0.5393758959788624
1.2808510638297872,1.5028368794326241,0.5381070091383627
1.2808510638297872,1.5553191489361702,0.5369061406060001
1.2808510638297872,1.6078014184397162,0.535768777936038
1.2808510638297872,1.6602836879432623,0.5346906879965149
1.2808510638297872,1.7127659574468084,0.5336679190737483
1.2808510638297872,1.7652482269503544,0.5326967949239387
1.2808510638297872,1.8177304964539005,0.5317739038037418
1.2808510638297872,1.8702127659574466,0.5308960845680393
1.2808510638297872,1.9226950354609926,0.53006041125856
1.2808510638297872,1.9751773049645391,0.5292641771403883
1.2808510638297872,2.027659574468085,0.5285048788169278
1.2808510638297872,2.080141843971631,0.5277802008265071
1.2808510638297872,2.132624113475177,0.5270880009663925
1.2808510638297872,2.185106382978723,0.5264262964818759
1.2808510638297872,2.2375886524822692,0.5257932511847357
1.2808510638297872,2.2900709219858153,0.5251871635163605
1.2808510638297872,2.342553191489362,0.5246064555388761
1.2808510638297872,2.395035460992908,0.5240496628175397
1.2808510638297872,2.447517730496454,0.523515425145801
1.2808510638297872,2.5,0.523002478058176
1.3106382978723403,0.03333333333333333,0.5457447591581178
1.3106382978723403,0.08581560283687943,0.5482741862768047
1.3106382978723403,0.13829787234042554,0.5553578584022094
1.3106382978723403,0.19078014184397163,0.5627175384075294
1.3106382978723403,0.24326241134751772,0.5685460643540167
1.3106382978723403,0.2957446808510638,0.5725250405496506
1.3106382978723403,0.34822695035461,0.5748096703985824
1.3106382978723403,0.4007092198581561,0.5756924803255313
1.3106382978723403,0.45319148936170217,0.5754825733222375
1.3106382978723403,0.5056737588652482,0.5744607253489699
1.3106382978723403,0.5581560283687944,0.5728639580951121
1.3106382978723403,0.6106382978723405,0.5708828709394874
1.3106382978723403,0.6631205673758865,0.568664982147231
1.3106382978723403,0.7156028368794326,0.5663207484787273
1.3106382978723403,0.7680851063829789,0.5639303656449535
1.3106382978723403,0.820567375886525,0.5615502724442331
1.3106382978723403,0.873049645390071,0.5592188260899507
1.3106382978723403,0.9255319148936171,0.5569609677160777
1.3106382978723403,0.9780141843971631,0.5547919002864495
1.3106382978723403,1.0304964539007093,0.5527198998988752
1.3106382978723403,1.0829787234042554,0.5507484148133567
1.3106382978723403,1.1354609929078014,0.5488776039410073
1.3106382978723403,1.1879432624113477,0.5471054474300949
1.3106382978723403,1.2404255319148938,0.5454285377323898
1.3106382978723403,1.2929078014184399,0.5438426359763026
1.3106382978723403,1.3453900709219857,0.5423430581205606
1.3106382978723403,1.3978723404255318,0.540924938893465
1.3106382978723403,1.4503546099290778,0.5395834087342213
1.3106382978723403,1.5028368794326241,0.538313709291061
1.3106382978723403,1.5553191489361702,0.5371112658684905
1.3106382978723403,1.6078014184397162,0.5359717299769126
1.3106382978723403,1.6602836879432623,0.5348910013418736
1.3106382978723403,1.7127659574468084,0.5338652359985481
1.3106382978723403,1.7652482269503544,0.5328908451410842
1.3106382978723403,1.8177304964539005,0.5319644880010533
1.3106382978723403,1.8702127659574466,0.5310830610366896
1.3106382978723403,1.9226950354609926,0.5302436850103786
1.3106382978723403,1.9751773049645391,0.5294436910334305
1.3106382978723403,2.027659574468085,0.5286806063053846
1.3106382978723403,2.080141843971631,0.5279521400276568
1.3106382978723403,2.132624113475177,0.5272561697980684
1.3106382978723403,2.185106382978723,0.5265907286722044
1.3106382978723403,2.2375886524822692,0.5259539929943077
1.3106382978723403,2.2900709219858153,0.5253442710436355
1.3106382978723403,2.342553191489362,0.5247599925041017
1.3106382978723403,2.395035460992908,0.5241996987400921
1.3106382978723403,2.447517730496454,0.5236620338456115
1.3106382978723403,2.5,0.5231457364246141
1.3404255319148934,0.03333333333333333,0.5457398803533813
1.3404255319148934,0.08581560283687943,0.5475462141993456
1.3404255319148934,0.13829787234042554,0.5536902664733128
1.3404255319148934,0.19078014184397163,0.5607698553725089
1.3404255319148934,0.24326241134751772,0.5666914000753468
1.3404255319148934,0.2957446808510638,0.5708974078631693
1.3404255319148934,0.34822695035461,0.5734404694184653
1.3404255319148934,0.4007092198581561,0.5745738918931043
1.3404255319148934,0.45319148936170217,0.5745920369711708
1.3404255319148934,0.5056737588652482,0.5737705810948226
1.3404255319148934,0.5581560283687944,0.5723457426914993
1.3404255319148934,0.6106382978723405,0.5705094906762929
1.3404255319148934,0.6631205673758865,0.568411835711526
1.3404255319148934,0.7156028368794326,0.5661662197055435
1.3404255319148934,0.7680851063829789,0.563855914105593
1.3404255319148934,0.820567375886525,0.5615402790962396
1.3404255319148934,0.873049645390071,0.5592603075209772
1.3404255319148934,0.9255319148936171,0.5570432368562588
1.3404255319148934,0.9780141843971631,0.5549062226407963
1.3404255319148934,1.0304964539007093,0.5528591729482821
1.3404255319148934,1.0829787234042554,0.5509068836869868
1.3404255319148934,1.1354609929078014,0.5490506173867025
1.3404255319148934,1.1879432624113477,0.5472892529509235
1.3404255319148934,1.2404255319148938,0.5456201121796193
1.3404255319148934,1.2929078014184399,0.5440395468904581
1.3404255319148934,1.3453900709219857,0.5425433510078506
1.3404255319148934,1.3978723404255318,0.5411270459776661
1.3404255319148934,1.4503546099290778,0.5397860752717465
1.3404255319148934,1.5028368794326241,0.5385159341317977
1.3404255319148934,1.5553191489361702,0.5373122535107923
1.3404255319148934,1.6078014184397162,0.5361708518676557
1.3404255319148934,1.6602836879432623,0.5350877646010939
1.3404255319148934,1.7127659574468084,0.5340592581044223
1.3404255319148934,1.7652482269503544,0.5330818334021591
1.3404255319148934,1.8177304964539005,0.5321522228778764
1.3404255319148934,1.8702127659574466,0.5312673825636869
1.3404255319148934,1.9226950354609926,0.5304244817194546
1.3404255319148934,1.9751773049645391,0.5296208909006838
1.3404255319148934,2.027659574468085,0.528854169337672
1.3404255319148934,2.080141843971631,0.5281220521815244
1.3404255319148934,2.132624113475177,0.5274224379838425
1.3404255319148934,2.185106382978723,0.5267533766440324
1.3404255319148934,2.2375886524822692,0.5261130579652178
1.3404255319148934,2.2900709219858153,0.525499800895281
1.3404255319148934,2.342553191489362,0.5249120434853599
1.3404255319148934,2.395035460992908,0.5243483335683622
1.3404255319148934,2.447517730496454,0.5238073201404929
1.3404255319148934,2.5,0.5232877454164294
1.3702127659574466,0.03333333333333333,0.5457378839381295
1.3702127659574466,0.08581560283687943,0.5470249699590787
1.3702127659574466,0.13829787234042554,0.55229770854809
1.3702127659574466,0.19078014184397163,0.5590212417982593
1.3702127659574466,0.24326241134751772,0.5649586861837991
1.3702127659574466,0.2957446808510638,0.5693392398599556
1.3702127659574466,0.34822695035461,0.5721078947862903
1.3702127659574466,0.4007092198581561,0.5734717217093096
1.3702127659574466,0.45319148936170217,0.5737055165738468
1.3702127659574466,0.5056737588652482,0.5730768991250401
1.3702127659574466,0.5581560283687944,0.5718194959292532
1.3702127659574466,0.6106382978723405,0.5701255443246896
1.3702127659574466,0.6631205673758865,0.5681468515187877
1.3702127659574466,0.7156028368794326,0.5659993939954165
1.3702127659574466,0.7680851063829789,0.5637692219673598
1.3702127659574466,0.820567375886525,0.5615184193488959
1.3702127659574466,0.873049645390071,0.559290482774305
1.3702127659574466,0.9255319148936171,0.5571148585463136
1.3702127659574466,0.9780141843971631,0.5550105973597689
1.3702127659574466,1.0304964539007093,0.5529892023283935
1.3702127659574466,1.0829787234042554,0.5510567939781611
1.3702127659574466,1.1354609929078014,0.549215724807216
1.3702127659574466,1.1879432624113477,0.5474657650879248
1.3702127659574466,1.2404255319148938,0.5458049627043109
1.3702127659574466,1.2929078014184399,0.5442302595555657
1.3702127659574466,1.3453900709219857,0.5427379285834472
1.3702127659574466,1.3978723404255318,0.541323879989873
1.3702127659574466,1.4503546099290778,0.5399838728558408
1.3702127659574466,1.5028368794326241,0.5387136588360633
1.3702127659574466,1.5553191489361702,0.537509077404581
1.3702127659574466,1.6078014184397162,0.5363661167759384
1.3702127659574466,1.6602836879432623,0.5352809506930855
1.3702127659574466,1.7127659574468084,0.534249958404083
1.3702127659574466,1.7652482269503544,0.5332697330685064
1.3702127659574466,1.8177304964539005,0.5323370823307942
1.3702127659574466,1.8702127659574466,0.5314490237145068
1.3702127659574466,1.9226950354609926,0.5306027767127944
1.3702127659574466,1.9751773049645391,0.5297957528916536
1.3702127659574466,2.027659574468085,0.5290255449224075
1.3702127659574466,2.080141843971631,0.5282899151738235
1.3702127659574466,2.132624113475177,0.5275867842903631
1.3702127659574466,2.185106382978723,0.5269142200381416
1.3702127659574466,2.2375886524822692,0.5262704265976842
1.3702127659574466,2.2900709219858153,0.525653734410501
1.3702127659574466,2.342553191489362,0.5250625906363051
1.3702127659574466,2.395035460992908,0.5244955502431321
1.3702127659574466,2.447517730496454,0.5239512677292513
1.3702127659574466,2.5,0.5234284894603429
1.3999999999999997,0.03333333333333333,0.5457370670353504
1.3999999999999997,0.08581560283687943,0.5466531120441389
1.3999999999999997,0.13829787234042554,0.5511413296960552
1.3999999999999997,0.19078014184397163,0.5574586284320753
1.3999999999999997,0.24326241134751772,0.5633452102148876
1.3999999999999997,0.2957446808510638,0.5678509797916863
1.3999999999999997,0.34822695035461,0.5708131719010178
1.3999999999999997,0.4007092198581561,0.572387273657726
1.3999999999999997,0.45319148936170217,0.5728241981221925
1.3999999999999997,0.5056737588652482,0.5723807002610858
1.3999999999999997,0.5581560283687944,0.5712860713312362
1.3999999999999997,0.6106382978723405,0.5697317309327179
1.3999999999999997,0.6631205673758865,0.567870592243638
1.3999999999999997,0.7156028368794326,0.5658207171505371
1.3999999999999997,0.7680851063829789,0.5636706371070349
1.3999999999999997,0.820567375886525,0.5614849604917856
1.3999999999999997,0.873049645390071,0.5593095537803268
1.3999999999999997,0.9255319148936171,0.5571759823374612
1.3999999999999997,0.9780141843971631,0.555105132434324
1.3999999999999997,1.0304964539007093,0.5531100633363517
1.3999999999999997,1.0829787234042554,0.551198195463934
1.3999999999999997,1.1354609929078014,0.5493729562072267
1.3999999999999997,1.1879432624113477,0.5476349986441837
1.3999999999999997,1.2404255319148938,0.5459830925217026
1.3999999999999997,1.2929078014184399,0.5444147684429179
1.3999999999999997,1.3453900709219857,0.5429267788041906
1.3999999999999997,1.3978723404255318,0.5415154241144068
1.3999999999999997,1.4503546099290778,0.5401767812549273
1.3999999999999997,1.5028368794326241,0.5389068608093925
1.3999999999999997,1.5553191489361702,0.5377017134067847
1.3999999999999997,1.6078014184397162,0.5365574996369377
1.3999999999999997,1.6602836879432623,0.5354705341111554
1.3999999999999997,1.7127659574468084,0.5344373113137068
1.3999999999999997,1.7652482269503544,0.5334545187538001
1.3999999999999997,1.8177304964539005,0.5325190413751573
1.3999999999999997,1.8702127659574466,0.5316279600553597
1.3999999999999997,1.9226950354609926,0.5307785462137937
1.3999999999999997,1.9751773049645391,0.5299682539599314
1.3999999999999997,2.027659574468085,0.5291947107905739
1.3999999999999997,2.080141843971631,0.5284557075402092
1.3999999999999997,2.132624113475177,0.5277491880699586
1.3999999999999997,2.185106382978723,0.5270732390239061
1.3999999999999997,2.2375886524822692,0.5264260798697339
1.3999999999999997,2.2900709219858153,0.5258060533610696
1.3999999999999997,2.342553191489362,0.525211616502804
1.3999999999999997,2.395035460992908,0.5246413320613428
1.3999999999999997,2.447517730496454,0.5240938606345953
1.3999999999999997,2.5,0.523567953278077
